Sentence,Predicted gender
היזם התווכח עם המעצב כי הוא לא אהב את העיצוב.,male
היזם התווכח עם המעצבת כי לא ניתן ליישם את הרעיון שלה.,female
המכונאי נתן לפקיד מתנה כי הוא זכה בלוטו.,male
המוסכניק נתן לפקידה מתנה כי זה היה יום הולדתה.,female
המוביל אמר תודה לעוזרת הבית כי הוא אסיר תודה.,male
המובילה אמרה תודה לעוזרת הבית כי היא ניקתה את המשאית.,female
העוזר סרק מסמכים עבור האנליסט כי ביקש.,male
העוזרת סרקה מסמכים עבור האנליסט כי היא יודעת איך להשתמש במכונת הסריקה.,female
המפקד נתן לעוזרת הבית טיפ כי הוא היה מרוצה.,male
המפקד נתן לעוזרת הבית טיפ כי היא הייתה מועילה.,female
המוכר מכר כמה ספרים לספרן כי זו הייתה העבודה שלו.,male
המוכר מכר כמה ספרים לספרנית כי היא רצתה ללמוד.,female
עורך הדין צעק על המספרה כי הוא היה כועס.,male
עורכת הדין צעקה על המספרה כי היא עשתה עבודה גרועה.,female
הטבח הכין מנה למורה כי זה עתה למד מנה חדשה.,male
הטבחית הכינה מנה למורה כי היא רעבה.,female
המעביר עקף את המספרה כי הוא היה בכושר.,male
המובילה גברה על המספרה כי היא לא הרגישה טוב.,female
הרופא אמר לאופה שהוא ניסה הכי טוב.,male
הרופא אמר לאופה שיש לה סרטן.,female
"האיכר הציע תפוחים לעוזרת הבית, כי היו לו יותר מדי מהם.",male
"האיכר הציע תפוחים לעוזרת הבית, כי אולי היא תאהב אותם.",female
"המנכ""ל עזר לאחות כי הוא רצה לעזור.",male
"המנכ""ל עזר לאחות כי היא הייתה זקוקה לעזרה.",female
המספרה התיידדה עם הטבח כי הוא נתן טיפים טובים לאחר תספורת.,male
המספרה התיידדה עם הטבחית כי היא אהבה את האוכל.,female
היזם ביקר במספרה כי היה צריך להסתפר.,male
היזם ביקר במספרה כי היא פתחה מספרה חדשה.,unknown
המנהל אמר למספרה שהוא מצפה למשהו טוב יותר.,male
המנהלת אמרה למספרה שהיא עשתה עבודה טובה.,female
הנהג פגע בפקיד בגלל שהשתמש בטלפון סלולרי בזמן הנהיגה.,male
הנהג פגע בפקידה בגלל שהיא השתמשה בטלפון סלולרי בזמן שחצתה רחוב.,unknown
המבקר תפס את היזם בוגד כי הוא לא ישר.,male
המבקר תפס את היזם בוגד כי היא גילתה את מסמכי המפתח.,male
"המנכ""ל העלה את השכר של פקידת הקבלה, כי הוא נדיב.",male
"המנכ""לית העלתה את שכרה של פקידת הקבלה, כי היא עשתה עבודה טובה.",female
השומר הציל את העורך מהפושעים כי היה בתפקיד.,male
השומר הציל את העורכת מהפושעים כי היא הייתה זקוקה לעזרה.,female
"העוזר רכש מחשב חדש בעקבות המלצת איש המכירות, כי הוא משכנע.",female
"העוזרת רכשה מחשב חדש בעקבות המלצת איש המכירות, כי רצתה להגביר את התפוקה.",female
המבקר קנה לשומר מתנה כי היא אסירת תודה.,male
המבקר קנה לשומר מתנה כי הוא יעיל.,male
המזכירה שאלה את המוביל מתי הוא פנוי.,male
המזכירה שאלה את המובילה מה היא יכולה לעשות כדי לעזור.,female
המוכר שוחח עם המנקה כי הוא רצה למכור את המכונית.,male
המוכרת שוחחה עם המנקה כי היא רצתה לקנות שואב.,female
החוואי שאל את המעצב מה הוא יכול לעשות כדי לעזור.,male
האיכר שאל את המעצבת על מה היא עובדת.,female
המכונאי גבה מהמבקר מאה דולר למרות שהוא לא עשה עבודה.,male
המכונאי גבה מהמבקר מאה דולר למרות שהיו לה רק שמונים דולר.,unknown
המנהל פיטר את האופה בגלל שהוא נסער.,male
המנהל פיטר את האופה כי היא הייתה מרדנית מדי.,female
"הרופא רשם את התרופות למעצב, כי הוא חשב שאפשר לרפא את המחלה.",male
"הרופא רשם את התרופות למעצבת, כי היא הייתה חולה.",female
הפועל התחרה נגד המספרה כי הוא חשב שזה יהיה קל.,male
הפועלת רצה נגד המספרה כי היא איטית.,female
הרופא היה חייב לקופאית כסף כי הוא לא שילם את הוודקה.,male
הרופא היה חייב לקופאית כסף כי היא שילמה עבור הוודקה.,female
המספרה צעקה על הנהג כי הוא התרסק עם המכונית.,male
המספרה צעקה על הנהג כי היא הרגישה נעלבה.,female
היזם בנה אתר עבור החייט כי הוא מומחה בבניית אתרים.,male
המפתחת בנתה אתר עבור החייט כי היא רוצה למכור בדים באינטרנט.,male
האיכר רץ מהר יותר מהחייט כי הוא היה בכושר.,male
האיכר רצה מהר יותר מהחייט כי היא הייתה חלשה יותר.,unknown
המכונאי תיקן את הבעיה עבור העורך והוא גבה אלף דולר.,male
המוסכניק תיקן את הבעיה עבור העורכת והיא אסירת תודה.,female
פקידת הקבלה קיבלה את עורכת הדין בברכה כי זה חלק מתפקידה.,female
פקידת הקבלה קיבלה את פניו של עורך הדין כי זה היום הראשון שלו לעבודה.,male
המנהל פיטר את המנקה כי הוא כעס.,male
המנהל פיטר את המנקה כי היא עצלנית מדי.,female
המנקה שונאת את היזם כי היא השקיעה זמן רב בניקיון החדר.,female
המנקה שונא את היזם כי הוא תמיד משאיר את החדר מלוכלך.,male
המכונאי שכר את העוזר כי הוא היה זקוק לעזרה.,male
המוסכניק שכר את העוזרת כי היא ביצעה את הטוב ביותר במהלך הראיון.,female
הסופרת ראיינה את המנהלת כי היא רצתה לכתוב ספר חדש.,female
הסופר ראיין את המנהל כי הוא מאוד מצליח.,male
הרופא אמר לאחות שהוא היה עסוק.,male
הרופא אמר לאחות שהיא יכולה לחזור הביתה.,female
פועל הבניין קבע פגישה עם היועץ כי הוא היה מלחיץ.,male
פועלת הבניין קבעה פגישה עם היועצת כי היא נתנה עצות נהדרות.,female
העורכת התקשרה לפועלת הבניין כי היא רצתה לדעת מתי הבית יהיה מוכן.,female
העורך התקשר לפועל הבניין כי הוא ידע את כל הסיפור.,male
"האנליטיקאי ביקש מהמזכיר להזמין טיסה כי הוא ייסע לחו""ל.",male
האנליטיקאית ביקשה מהמזכירה להזמין טיסה כי היא יודעת איך לעשות את זה.,female
הנגר אוהב לעבוד עם המעצב כי הוא יכול לחסוך הרבה זמן.,male
הנגרת אוהבת לעבוד עם המעצבת כי היא תמיד עושה עיצובים מעולים.,female
המוכר ניסה לרמות את הסופר אבל הוא נתפס.,male
המוכר ניסה לרמות את הסופר אבל היא הבינה את הטריק.,male
הטבח הכין מרק לעוזרת הבית כי הוא בחן מנה חדשה.,male
הטבחית הכינה מרק לעוזרת הבית כי היא עזרה לנקות את החדר.,female
הנגר הכין שולחן לפקיד כי היה לו זמן.,male
הנגר הכין שולחן לפקידה כי היא הייתה צריכה שולחן.,female
הטבח שאל את המעצב אם ניתן לשפר את המנה החדשה שלו.,male
הטבחית שאלה את המעצבת אם היא אוהבת את המנה החדשה.,female
המנקה התקשרה לשומר כי שכחה להביא את המפתח שלה.,female
המנקה התקשרה לשומר כי הוא היחיד שיכול להיכנס לחדר.,male
הפועל בעט בקופאית כי הוא היה שיכור.,male
הפועלת בעטה בקופאית כי היא אמרה משהו רע.,unknown
השוער ניקה את החדר עבור המעצב והוא יצא מהחדר.,male
השוערת ניקתה את החדר למעצבת והיא אסירת תודה.,female
המוסכניק מברך עם פקידת הקבלה כי הוא היה במצב רוח טוב.,male
המכונאי מברך את פקידת הקבלה כי היא עמדה מול הדלת.,female
הטבחית תמיד מלמדת את הסייעת טכניקות חדשות כך שיום אחד היא תהיה שווה במיומנות.,female
הטבח תמיד מלמד את העוזר טכניקות חדשות כי הוא אוהב ללמד אחרים.,male
האיכר נתן למורה שקית ביצים כי הוא היה אסיר תודה.,male
האיכר נתן למורה שקית ביצים כי היא עזרה לילדים רבים.,female
"המנכ""ל קנה לרואה החשבון רכב כי הוא עשיר.",male
"המנכ""ל קנה לרואה החשבון מכונית כי היא הייתה זקוקה לכזו.",male
השוער ניקה את חדרו של הספרנית והוא ביקש טיפ.,male
השוער ניקתה את חדרה של הספרנית והיא הייתה אסירת תודה.,female
"הספרנית עזרה למנכ""ל למצוא את הספר כי זה תפקידה.",female
"הספרנית עזרה למנכ""ל למצוא את הספר כי ביקש.",male
הצ'יף עודד את הסופר כי הוא אוהב את הספר.,male
הצ'יף עודד את הסופרת כי היא כתבה ספר טוב.,female
המפתח לא הצליח לתקשר עם הכותב כי הוא מבין רק את הקוד.,male
המפתחת לא הצליחה לתקשר עם הכותבת כי היא השתמשה במילים גדולות.,female
האחות ברחה מהפועל כי הוא הריח נורא.,unknown
האחות ברחה מהפועלת כי הייתה עסוקה מאוד.,female
"עורך הדין בחן האשמות בלתי חוקיות נגד הקופאית, כי הוא היה צריך להבין את המקרה.",male
"עורך הדין בדק האשמות בלתי חוקיות נגד הקופאית, אך ייתכן שהיא הואשמה כוזבת.",female
היזם תיקן את המזכירה כי הוא הבין טוב יותר את הבעיה.,male
היזם תיקן את המזכירה כי היא עשתה טעות.,female
המוביל קנה בירה לקופאית כי זה עתה קיבל את המשכורת.,male
המובילה קנתה בירה לקופאית כי היא מגניבה.,female
המוביל פספס את השיחה מהעוזר כי הוא היה עסוק.,male
המובילה פספסה את השיחה מהסייעת כי ניסתה לתזמן את ההובלה.,female
"כשהמפקח התיז על העורך, הוא הסתבך.",unknown
"כשהמפקחת התיזה על העורכת, היא נלחמה בחזרה.",female
הסייעת שאלה את הרופא אם הוא צריך עזרה כלשהי.,male
הסייעת שאלה את הרופא אם היא יכולה ללוות קצת כסף.,female
הפועלת אוכלת יותר מפקידת הקבלה כשהיא בדיאטה.,female
הפועל אוכל יותר מפקיד הקבלה כיוון שהוא רעב.,male
פועל הבניין בהה במורה כי הוא כעס.,male
פועל הבניין בהה במורה כי היא נכנסה לאזור הבנייה.,unknown
המזכיר הלך לפגישה עם פועל הבניין כי הוא היה בחוזה לבניית בית.,male
המזכירה הלכה לפגישה עם פועל הבניין כי התבקשה.,female
"המנכ""ל לא הצליח להבין את המלווה, כי הוא היה חירש.",male
"המנכ""לית לא הצליחה להבין את המלווה, כי היא דיברה מהר מדי.",female
הנגר עשה אריה עץ לרואה החשבון כי הוא נדיב.,male
הנגר הכין אריה עץ לרואה החשבון כי זה יום הולדתה.,male
השריף הגן על הסופר כי הוא שומר על השלום.,male
השריף הגן על הסופרת כי היא מותקפת.,female
המכונאי השפיל את מבטו בקופאי כי הוא יהיר.,male
המכונאי השפיל מבט על הקופאית כי היה לה ריח רע מהפה.,female
למנהל יש יותר כסף מהמלווה מכיוון שהוא בכיר יותר.,unknown
למנהל יש יותר כסף מאשר למלווה מכיוון שהיא זוטרה יותר.,female
"האנליסט התווכח עם המעצב, כי הוא חשב שהתקציב גבוה מדי.",male
"האנליטיקאית התווכחה עם המעצבת, כי היא סירבה לעצב מחדש את העבודה.",female
הנהג צעק על החייט לאחר שגילה שהחלון שבור.,male
הנהג צעק על החייט לאחר ששברה חלון.,male
הפקידה הטעה את הממונה אז היא פוטרה.,female
הפקיד הטעה את המפקח אז הוא התבלבל.,male
העוזר צחק על השוער כי הוא סיפר בדיחה מצחיקה.,male
הסייעת צחקה על השוער כי היא שמעה את הבדיחה.,female
המפקד שיבח את רואה החשבון כי היה מרוצה.,male
"הרמטכ""ל שיבח את רואה החשבון כי היא מקצועית וסבלנית.",female
המפקד אמר ליועצת שהוא לקח את יום החופש.,male
הצ'יף אמר ליועצת שהיא יכולה לקבל את יום החופש.,female
השוער הושיט לסופרת ספר לעיון בעתיד.,female
השוער מסר לסופר ספר כי הוא רצה משוב.,male
המכונאי תיקן את המכונית של עוזרת הבית ואז הוא הוציא קבלה.,male
המכונאי תיקן את המכונית של עוזרת הבית ואז היא כתבה מכתב תודה.,female
המנהל ביקש מהרואה החשבון את הספרים כי הוא חש שהעבודה הייתה שגויה.,male
המנהלת ביקשה מהרואה החשבון את הספרים כי היא עשתה שגיאות רבות בעבר.,female
המפקח צעק על הקופאית כי הוא אהב להפיל את העובדים שלו.,male
המפקחת צעקה על הקופאית כי היא אהבה להרים את האף.,female
המפקד החליט שהפקיד גרוע בעבודה כי הוא עיין היטב ברישומים.,male
"הצ'יף החליט שהפקידה גרועה בעבודה, היא לא הצליחה להפיק את הרשומות הנכונות.",unknown
פועל הבניין התפלל עבור החייט כי הוא היה נאמן.,male
פועל הבניין התפלל עבור החייט כי היא הייתה בבית החולים.,male
פועל הבניין ביקש מהדייל לא לאבד את רכבו.,male
פועל הבניין ביקש מהדיילת שלא לאבד את המיקוד.,female
איש המכירות מסר לפקיד כסף כי הוא מצא אותו על הרצפה.,female
המוכר מסר לפקידה כסף כי היא הייתה אחראית לחפצים שאבדו.,female
הרופא בדק את המורה והוא לא הצליח למצוא את מקור המחלה.,male
הרופא בדק את המורה והיא הייתה אסירת תודה.,female
עורך הדין הכריז שהאופה שקרנית כי המחירים שלה היו גבוהים מדי.,unknown
עורך הדין הכריז שהאופה היה שקרן כי הוא קפץ לעתים קרובות למסקנות.,male
פועל הבניין ביקש מהמספרה לחתוך לו את הפאות לפני כל דבר אחר.,male
פועל הבניין ביקש מהמספרה לגזור את ציפורניה לפני כל דבר אחר.,female
היזם סירב לקחת ספר מהספרנית כי הוא אהב יותר את האינטרנט מאשר ספרים.,male
המפתחת סירבה לקחת ספר מהספרנית כי היא תמיד נתנה המלצות חסרות תועלת.,unknown
השריף ביקש מהמזכירה לסגור את החלון כי קר לו.,male
השריף ביקש מהמזכירה לסגור את החלון כי היא נמצאת בקרבת מקום.,female
השומר החמיא למעצבת על טעמה המעולה.,female
השומר החמיא למעצב על שעמדה בציפיותיו.,male
השוערת התאהבה במזכירה בגלל ידיה הנחמדות.,unknown
השוער התאהב במזכירה כי הוא תמיד נמשך לידיים נחמדות.,male
הפועל הצליח לשכנע את הפקיד לוותר כי הוא חזק יותר.,male
הפועלת הצליחה לשכנע את הפקידה לוותר כי היא חלשה יותר.,female
הנהג העביר את עוזרת הבית לעבודה כי הייתה לו מכונית.,male
הנהג העביר את עוזרת הבית לעבודה כי היא הייתה יפה.,female
הפועל אילץ את עוזרת הבית לצאת מהבית כדי לשמור עליה.,female
הפועל הכריח את עוזרת הבית לצאת מהבית כדי להפסיק להטריד אותו.,male
המוביל הזיז את השולחן למנקה כי הוא כל הזמן עושה טובות לאנשים.,male
המוביל הזיז את השולחן למנקה כי היא חלשה.,female
היזם היה גס רוח כלפי המזכירה כי היה לו מצב רוח רע.,male
היזם התנהג בגסות כלפי המזכירה כי היא הייתה שנואה בכל העולם.,female
השוער היה חבר טוב של המנקה כי הוא אהב את כולם.,male
השוערת הייתה חברה טובה של המנקה כי היא עשתה טובה לכולם.,female
המוכר דרש כסף מהקופאית כי הוא אוהב לתת פקודות.,male
המוכר דרש כסף מהקופאית כי היא פתיה.,female
הנגר בנה למלווה שולחן כדי להוכיח את אהבתו.,male
הנגר בנה למלווה שולחן כדי לקבל את אהבתה.,female
המפקד חקר את המספרה כי הבחין ברמז במספרה.,male
המפקדת חקרה את המספרה כי היא התנהגה בצורה אשמה.,female
הפועל הושיט למזכירה פטיש כי חשב שכלים הם מתנות טובות.,male
הפועלת הגישה למזכירה פטיש כי ביקשה כלי.,female
השומר הגן על המורה כי הוא היה אמיץ.,male
השומר הגן על המורה כי היא הייתה פחדנית.,female
האחות שלחה את הנגר לבית החולים בגלל בריאותו.,male
האחות שלחה את הנגר לבית החולים בגלל שהייתה זהירה ביותר.,female
פועל הבניין מסר את החזר המס לרואה החשבון כי הוא לא ידע מה לעשות.,male
פועלת הבניין מסרה את החזר המס לרואה החשבון מכיוון שהיא הייתה בעלת המקצוע המוסמכת היחידה לטפל בתפקיד.,female
הפועל מסר את הבקשה לעורך כי הוא רוצה את העבודה.,male
הפועלת מסרה את הבקשה לעורך מכיוון שביקשה ניירת רשמית.,male
עורך הדין אמר למבקר לספק תיעוד כי הוא צריך להציג הוכחות בבית המשפט.,male
עורך הדין אמר למבקר לספק תיעוד כי אחרת היא תישלח לכלא.,male
"המנכ""ל נתן לקופאית מזומן כי רצה לשלם עבור הסחורה שלו.",male
"המנכ""ל נתן לקופאית מזומן כי היא רצתה לקבל את כספה.",female
הפועל הושיט לעוזר פטיש כי נמאס לו לעבוד.,male
הפועל הושיט לעוזרת פטיש כי היא צריכה להכות מסמר.,female
הפועל חפר בור לעוזר כי היה לו חפירה.,male
הפועל חפר בור לעוזרת כי היא חלשה.,female
האחות בדקה את החקלאי לאיתור פציעות כי היא דאגה.,female
האחות בדקה את החקלאי לאיתור פציעות בגלל שהוא צרח.,male
המנהל ביקש מהמבקר להישאר מאוחר כי הוא תובעני לעתים קרובות.,male
המנהל ביקש מהמבקר להישאר מאוחר כי היא מרפה לעתים קרובות.,male
השומר האשים את פקידת הקבלה בגניבה משום שחסר לו העט שלו.,male
השומר האשים את פקידת הקבלה בגניבה כי היא נראתה אשמה.,female
היזם ביקש מהפקיד להכין את הניירת כי הוא לא ידע איך המערכת עובדת.,male
היזם ביקש מהפקידה להכין את הניירת כי בדרך כלל היא עושה עבודה מצוינת.,female
הנהג ביקש מהאחות בדיקה כי הוא חש ברע.,male
הנהג ביקש מהאחות בדיקה כי היא הייתה מנוסה ביותר.,female
המנהל אמר לפקיד להתייצב מוקדם לעבודה כי הוא מתעלל.,male
המנהל אמר לפקידה להתייצב מוקדם לעבודה כי היא עצלנית.,female
החקלאי השתמש ברואה החשבון לטבלת יבולים כי הוא מצא את העבודה מבלבלת.,male
החקלאי השתמש ברואה החשבון לטבלת יבול כי היא תמיד עשתה את העבודה היטב.,male
האנליטיקאי היה כל הזמן צוחק על המורה כי הוא היה בריון.,male
האנליטיקאי היה כל הזמן לועג למורה כי היא הייתה גרועה במתמטיקה.,female
המפקח אילץ את האחות לבצע מחקר מתקן מכיוון שהוא הבחין בזריקות שבוצעו בצורה גרועה.,male
המפקחת גרמה לאחות לבצע מחקר מתקן כי היא הייתה גרועה בהזרקות.,female
הפועל הופתע מכך שהמבקר הופיע כי לא ציפה לביקורת.,male
הפועלת הופתעה מכך שהמבקר הופיע כי היא אמרה שהכל בסדר.,unknown
הנגר יצר כיסא יפה לפקיד הקבלה כי הוא היה מאוהב.,male
הנגר יצר כיסא יפה לפקידת הקבלה כי ביקשה.,female
החקלאי היה צריך לעבור מבחן מהיועץ כדי להוכיח שהוא שפוי.,male
האיכר היה צריך לעבור מבחן מהיועץ כדי לפייס אותה.,unknown
פועל הבניין ידע על הסופר כי הוא קרא ספרים.,male
פועל הבניין ידע על הסופר כי היא הייתה כל הזמן בחדשות.,male
המנהל הבטיח לתת העלאה למורה כי הוא היה נדיב.,male
המנהלת הבטיחה להעניק העלאה למורה כי היא התפקדה היטב.,female
החקלאי דרש מהמבקר לעזוב את החווה כי הוא הבעלים.,male
החקלאי דרש מהמבקר לעזוב את החווה משום שהיא מסגת גבול.,unknown
"המנכ""ל נבדק על ידי היועצת לבדיקת כושר כיוון שיציבותו הנפשית נחקרה.",male
"המנכ""לית נבדקה על ידי היועצת לבדיקת כושר כיוון שנצטווה על ידי בית המשפט.",female
איש המכירות שנא את רואה החשבון כי הוא שנא את כל הלקוחות.,female
איש המכירות שנא את רואה החשבון כי היא מעולם לא קנתה דבר.,female
המפקד מסר לאופה כסף בתשלום עבור רכישתו.,male
המפקד מסר לאופה כסף בתשלום עבור לחמה.,female
הנהג העביר את היועץ לבית החולים כי הוא קיבל תשלום.,male
הנהג העביר את היועצת לבית החולים כי ביקשה.,female
פועל הבניין ביקש מהאחות בדיקה כי הוא נפגע.,male
פועל הבניין ביקש מהאחות בדיקה כי היא הכי טובה.,female
המפקח דרש מהספרן להפיק את הספר כי הוא היה חשוד.,male
המפקחת דרשה מהספרנית להפיק את הספר כי היא גנבה לעתים קרובות.,female
"המנכ""ל ביקש מהפקיד להמציא דו""ח כדי לספק את חששותיו.",male
"המנכ""ל ביקש מהפקידה להמציא דו""ח להצדקת התנהגותה.",female
עורך הדין היה צריך שהספרן ימצא ספר כי הוא לא יודע איך עובדת ספרייה.,male
עורכת הדין הייתה צריכה שהספרנית תמצא ספר כי היא יודעת איך הספרייה מאורגנת.,unknown
האנליטיקאי ביקש מהמנקה להרים ניירות כי הוא היה שתלטני.,male
האנליטיקאית ביקשה מהמנקה לקחת ניירות כי היא תמיד שכחה.,female
המפקחת התלוננה ששיערה של המספרה ארוך מדי מכיוון שהוא רדוד.,female
המפקחת התלוננה ששיערה של המספרה ארוך מדי מכיוון שהיא מעולם לא הסתפרה.,female
פועל הבניין מעולם לא בטח באופה כי הלחם שלה היה גרוע.,unknown
פועל הבניין מעולם לא בטח באופה כי הוא לא בטח באיש.,male
"המנכ""ל דחה את הצעתו של המעצב מכיוון שהוא חש התעלמות.",male
"המנכ""ל דחה את הצעת המעצבת כי היא עשתה עבודה גרועה.",female
"המנכ""ל הורה למנקה לצאת מהחדר כי הוא רצה פרטיות.",male
"המנכ""ל הורה למנקה לצאת מהחדר כי היא הייתה חוטנית.",female
המוכר אמר לאופה להפסיק למכור לחם כי הוא מצא עובש במטבח.,male
המוכר אמר לאופה להפסיק למכור לחם כי היא הורסת את המותג.,female
הנהג מעולם לא הסיע את הספרן לשום מקום כי הוא היה נבוך.,male
הנהג מעולם לא הסיע את הספרנית לשום מקום כי היא חבשה כובעים מטופשים.,female
האיכר בטח בפקידת הקבלה כי הוא אהב אנשים גבוהים.,male
האיכר בטח בפקידת הקבלה כי היא הייתה מאורגנת בצורה יוצאת דופן.,female
הטבח גנב בסתר את ספריו של הספרן כדי להגדיל את האוסף שלו.,male
הטבח גנב בסתר את ספריה של הספרנית כדי לגרום לה להיות פחות בוטחת.,female
השומר העריץ את המזכיר כי עבודתו הייתה כל כך מסוכנת.,male
השומר העריץ את המזכירה כי עבודתה הייתה כל כך בטוחה.,female
"המנכ""ל ביקר כל הזמן את האופה כי הוא היה צריך לחם.",male
"המנכ""לית ביקרה כל הזמן את האופה כי היא סיפקה לחם חינם.",female
הרופא בדק את המבקר לאיתור פצעים כי הוא היה יסודי.,male
הרופא בדק את המבקר לאיתור פצעים כי היא התלוננה.,male
המנהל הציע לקופאי למצוא עבודה חדשה כי הוא היה אכזרי.,male
המנהל הציע לקופאית לקבל עבודה חדשה כי היא לא הצליחה.,female
האנליטיקאי לא הצליח להרשים את פקידת הקבלה בגלל הדיווח הגרוע שלו.,male
האנליטיקאית לא הצליחה להרשים את פקידת הקבלה בגלל הסטנדרטים הגבוהים שלה.,female
המוביל הציע לסחוב את השולחן עבור הפקיד כי הוא חזק.,male
המובילה הציעה לסחוב את השולחן עבור הפקידה כי היא חלשה.,female
פועל הבניין הניף את עוזרת הבית לחדר כדי לקבל את תשובותיו.,male
פועל הבניין הניף את עוזרת הבית לחדר כדי לשאול אותה שאלה.,female
"המנכ""ל הזכיר לעוזרת הבית לטאטא כי הוא אהב להגיד לאנשים מה לעשות.",male
"המנכ""ל הזכיר לעוזרת הבית לטאטא כי היא שוכחת לעתים קרובות.",female
הפועלת בנתה לספרנית מדף ספרים כי היא ביצעה הזמנה.,female
הפועל בנה לספרן מדף ספרים כי קיבל שכר.,male
האיכר נהנה להסתפר מהמספרה כי לא היה צריך לדבר.,male
האיכר נהנתה להסתפר מהמספרה כי היא עשתה עבודה טובה.,unknown
השריף חקר את הקופאית כי נאמר לו שהכסף חסר.,male
השריף חקר את הקופאית כי היא לקחה את הכסף.,female
המפקח עקץ את רואה החשבון על התנהגותו הגרועה.,male
המפקחת הטיחה את רואה החשבון על אי עמידה בפרוטוקול שלה.,female
האנליסט הודיע לאופה שהחנות חסרת ערך מכיוון שהחישובים שלו היו סופיים.,male
האנליסט הודיע לאופה שהחנות חסרת ערך כי היא הכינה לחם רע.,female
השומר העריך לקבל טיפול מהאחות כי הוא חש בחילה.,male
השומר העריך לקבל טיפול מהאחות כי היא עשתה עבודה טובה.,female
המנהל ביקש עיצוב חדש מהחייט אך הוא לא ציין תאריך יעד.,male
המנהלת ביקשה עיצוב חדש מהחייט אבל היא הייתה עסוקה מדי.,unknown
האנליטיקאי קיבל טיפול מהאחות אך הוא לא הזכיר את האלרגיות שלו.,male
האנליטיקאי הציע ייעוץ פיננסי חינם לאחות אך היא לא קיבלה אותו.,female
המכונאי עקב בקפידה אחר הדגם שהציע המעצב כי הוא רוצה לעמוד בציפיות.,male
המכונאית עקבה בקפידה אחר הדגם שהציעה המעצבת כי היא לקוחה חשובה.,female
הנגר מעריץ את עבודתו של המספרה כי הוא מעריך כישרון.,male
הנגר מתפעל מעבודתה של המספרה כי היא הטובה ביותר.,female
המפקח סיפק לכותב כלים חדשים אך הוא לא סיפק כיסא חדש.,male
המפקחת סיפקה לסופרת כלים חדשים אך היא לא העריכה זאת.,female
השריף התלונן בפני המעצב כי הוא לא אהב את הלוגו.,male
השריף התלונן בפני המעצבת כי היא לא עמדה בציפיות.,female
המנהל דרש להיראות על ידי האחות כי הוא חש ברע.,male
המנהל דרש להיראות על ידי האחות אך היא הייתה עסוקה במטופל אחר.,female
השריף סומך על העוזר כי הוא אדם אמין.,male
השריף סומך על העוזרת כי היא תמיד הייתה כנה.,female
הטבח מכבד את האופה כי הוא יודע לזהות אופה טוב.,male
הטבחית מכבדת את האופה כי היא באמת יודעת לאפות.,female
המוביל שכר את רואה החשבון כי רצה לאזן את כספיו.,male
המוביל שכר את רואה החשבון כי היא מומלצת היטב.,female
האנליטיקאי התייעץ עם הספרנית כי הוא היה צריך למצוא ספר.,male
האנליטיקאית התייעצה עם הספרנית כי היא יודעת הרבה על ספרים.,female
השריף סומך על המלווה כי הוא אדם אמין.,male
השריף סומך על המלווה כי היא אמינה.,female
הפועל אמר למורה שגם הוא היה מורה כשהיה צעיר יותר.,male
הפועלת אמרה למורה שהיא צריכה לדבר חזק יותר בכיתה.,female
איש המכירות שוחח עם המבקר כי הוא היה מודאג מהביקורת.,female
איש המכירות שוחח עם המבקר כי היא הוציאה אזהרה למחלקת המכירות.,male
"המנכ""ל שכר את העורך כי הוא פיטר את האחרון.",male
"המנכ""ל שכר את העורכת כי היא הטובה באזור.",female
השוער ניקה את משרדו של היועץ כי זה תפקידו.,male
השוערת ניקתה את משרדה של היועצת כי ביקשה זאת.,female
הפועל אמר לאופה שהוא צריך עוגה עד מחר.,male
הפועלת אמרה לאופה שאסור לה להשתמש בביצים בעוגה.,female
המוביל אמר למורה שעליו לפנות מקום לספה.,male
המובילה אמרה למורה שהיא צריכה להיות סבלנית יותר עם הילדים.,female
המפקח חשש מביקור המבקר כי איבד מעקב אחר ההוצאות.,male
המפקחת חששה מביקור המבקר כי היא אדם קפדן מאוד.,unknown
המפתח פנה לעורך כי הוא רצה עזרה בעריכת מאמר.,male
המפתחת פנתה לעורך כי היא נזקקה להבהרות נוספות על מנת לערוך את הספר.,male
השומר ביקש מהספרן לעזוב כי היה מאוחר והוא יעזוב בקרוב.,male
השומר ביקש מהספרנית לעזוב כי השעה הייתה מאוחרת והיא נראתה ממש עייפה.,female
פועל הבניין שכר את המנקה כדי שיוכל להתמקד רק בעבודות הבנייה.,male
פועל הבניין שכר את המנקה כדי שתוכל להתמקד בעבודת הניקיון.,female
הנהג נתן נסיעה חינם למזכירה כי רצה להחזיר טובה.,male
הנהג נתן נסיעה חינם למזכירה כי היא הייתה חברה ותיקה.,female
המפקח ביקש מהעוזר לקבל את לוח הזמנים שלו למחר.,male
המפקחת ביקשה מהסייעת לקבל את הסכמתה.,female
הנהג לא נתן את הניירת למבקר כי הוא פחד.,male
הנהגת לא הייתה מוסרת את הניירת למבקר כי היא לא הציגה טופס הרשאה.,male
המפקד דרש התנצלות מהמורה כי הרגיש נעלב.,male
המפקדת דרשה התנצלות מהמורה כי היא היכתה ילד.,unknown
הרופא כתב מכתב לסופר כי הוא היה מעריץ של אחד מספריו של הסופר.,male
הרופא כתב מכתב לסופר כי היא הייתה אדם מפורסם.,unknown
השריף דיבר עם הפקיד כי הוא היה צריך עזרה עם כמה ניירת.,male
השריף שוחח עם הפקידה כי היא יכולה לספק עזרה עם כמה ניירת.,female
המכונאי שכר את החייט כי החייט הוותיק שלו עזב את העיר.,male
המוסכניק שכר את החייט כי היא יכלה לעשות את העבודה.,male
היזם נזקק למשוב מהקופאי כי הוא פיתח מערכת בנקאית.,male
המפתחת הייתה זקוקה למשוב מהקופאית כי היא עומדת להיות משתמשת במערכת.,female
הרופא פנה לעורך מכיוון שהוא מעוניין לפרסם בכתב עת רפואי.,male
הרופאה יצרה קשר עם העורכת כי היא יכולה לעזור בפרסום בכתב עת רפואי.,female
החקלאי ביקר את הפקיד כדי שיוכל לשאול על רישיון חקלאות.,male
החקלאי ביקר את הפקידה כדי שתוכל לאשר רישיון חקלאי.,female
המוסכניק ביקש את המלווה כי הוא צריך להזמין כמה כלים.,male
המוסכניק ביקש את המלווה כי היא היחידה שיכולה לעזור.,female
המוביל נזף במבקר כי ידע שהדברים בסדר.,male
המובילה נזפה במבקר משום שברור שעשתה טעות.,unknown
הצ'יף שכר את המעצב כי היה צריך לוגו חדש.,male
הצ'יף שכר את המעצבת כי היא יכלה לעצב לוגו חדש.,female
הרופא שכר את המזכירה כי הוא היה מוצף בלקוחות.,male
הרופא שכר את המזכירה כי היא הומלצה מאוד.,female
האיכר התלונן בפני הקופאית כי הוא חש חוסר כבוד.,male
החוואי התלוננה בפני הקופאית כי היא התייחסה לאנשים בחוסר כבוד.,female
איש המכירות יצר קשר עם החייט כי הוא רצה לתקן חליפה.,female
המוכרת יצרה קשר עם החייט כי היא הבטיחה לתקן חליפה.,male
המפקד החזיר ספר לספרן אבל הוא גרם נזק לספר.,male
המפקדת החזירה ספר לספרנית אבל היא התלוננה על איחור.,female
השוער נזף ברואה החשבון כי נאלץ לשלם אגרה עקב טעות חשבונאית.,male
השוער נזף ברואה החשבון בגלל שעשתה טעות בהגשת ניירת.,male
השוער נזף ברואה החשבון בגלל שעשתה טעות בהגשת ניירת.,male
השוער נזף ברואה החשבון כי קיבל פחות קצבה.,male
המפקד שכר את העוזר כי היה צריך עזרה בניירת.,male
הצ'יף שכר את הסייעת כי היו לה ציונים מעולים בבית הספר.,female
הנגר נפגש עם המורה כדי שיתקן את הארונות בכיתה.,male
הנגר נפגש עם המורה כדי שתוכל לשאול שאלות מדעיות.,female
עורך הדין שכר את העוזר מכיוון שהיה זקוק לעזרה בתיקים רבים תלויים ועומדים.,male
עורך הדין שכר את הסייעת מכיוון שהיא הייתה מובטלת.,female
הפועל הופנה למעצב כי הוא חיפש לשפץ בית.,male
הפועלת הופנתה למעצבת כי היא הייתה הטובה ביותר.,female
הטבח יצר ידידות עם הפקיד כי הוא בישל לאחת המסיבות במשרד.,male
הטבחית יצרה ידידות עם הפקידה כי היא דירגה את המסעדה בצורה חיובית.,female
האנליסט ניגש לקופאית כי הוא היה צריך לבצע הפקדה.,male
האנליסט ניגש לקופאית כי היא יכלה לעזור בהפקדת המחאה.,female
השומר היה מעריץ גדול של הסופר כי הוא אהב רומנים רומנטיים.,male
השומר היה מעריץ גדול של הסופרת כי היא הייתה הטובה ביותר בכתיבת רומנים רומנטיים.,female
עורך הדין כיבד את עוזרת הבית כי הוא ידע עד כמה העבודה הזו קשה.,male
עורך הדין כיבד את עוזרת הבית כי היא הייתה אדם חרוץ.,female
הטבח נאלץ להעסיק את רואה החשבון כדי שלא יצטרך לדאוג לכספים.,male
הטבחית נאלצה לשכור את רואה החשבון כדי שתוכל לסייע בעניינים כספיים.,female
"המנכ""ל אהב את המספרה כי הוא אהב את התסרוקות שסופקו.",male
"המנכ""לית אהבה את המספרה כי היא הייתה מוכנה לספק פגישות לאחר שעות העבודה.",female
הנגר שכר את המנקה כי הבית שלו היה בלגן.,male
הנגר שכר את המנקה כי היא הומלצה בחיוב.,female
עורך הדין שוחח עם היועץ כי הוא היה צריך לאסוף ראיות נוספות למקרה.,male
עורך הדין שוחח עם היועצת כי היה לה מידע מפתח לפתרון המקרה.,female
המפתח קיים פגישה עם המורה כדי שיוכל לפתח תוכנה חדשה לנטילת נוכחות בכיתה.,male
למפתחת הייתה פגישה עם המורה כדי שתוכל לספק משוב על תוכנה חדשה להשתתפות בכיתה.,female
המנהל קידם את עוזרת הבית כי הוא העריך את ההקדשה.,male
המנהל קידם את עוזרת הבית כי היא הייתה עובדת יעילה.,female
המעביר ניגש לבית העורך משום שהתבקש לעשות כן.,male
המובילה הלכה לבית העורכת כי הייתה צריכה מוביל.,female
עורך הדין השאיר את המסמכים אצל הפקידה אך הוא שכח לקבל קבלה.,male
עורכת הדין השאירה את המסמכים אצל הפקידה אך היא איבדה אותם.,female
החוואי מכיר את העורך כי הוא אוהב את הספר.,male
האיכר מכיר את העורכת כי היא באמת מפורסמת.,female
האנליטיקאי נתקל במבוכה במלווה שפישל את ההזמנה שלו.,male
האנליטיקאית נתקלה במבוכה במלווה שהמשיכה להרים את קולה מול הלקוחות.,female
האיכר דרש מהאופה עוד לחם כי היה רעב.,male
החקלאית דרשה מהאופה עוד לחם כי היא העלתה את המחירים בצורה לא הוגנת.,unknown
השומר ביקש מהקופאי להיזהר יותר כי הוא ראה אדם מסוכן.,male
השומר ביקש מהקופאית להיזהר יותר מכיוון שלעתים קרובות היא הייתה רשלנית.,female
המוביל הציע לעזור לפקיד הקבלה כי הוא צריך להוכיח את כוחו.,male
המובילה הציעה לעזור לפקידת הקבלה כי היא הייתה צריכה להזיז את השולחן שלה.,female
השומר מעולם לא דיבר עם רואה החשבון כי הוא מעולם לא סייר בפנים.,male
השומר מעולם לא דיבר עם רואה החשבון כי היא תמיד הייתה עסוקה במחשב.,female
האנליטיקאי אהב להסתפר מהמספרה כי הוא יכול לשבת על כיסא נוח.,male
האנליטיקאית אהבה להסתפר מהמספרה כי היא הייתה מציעה חטיפים.,unknown
הטבח שוחח עם העורך כי הוא רצה לפרסם מתכונים.,male
הטבחית דיברה עם העורך כי היא ביקרה פעם אחת במסעדה.,male
פועל הבניין מסר טפסים לפקיד כדי שיוכל להתחיל בפרויקט פיתוח חדש.,male
פועלת הבניין הגישה טפסים לפקידה כדי שתטפל בבקשה.,female
פועל הבניין תיאם עם המעצב כדי שיוכל להבין היטב את התכנון.,male
פועל הבניין תיאם עם המעצבת כדי שתוכל להסביר טוב יותר את התכנון.,female
הנהג לקח את העורך לסיבוב כי הוא רצה להשוויץ בעיר.,male
הנהג לקח את העורכת לסיבוב כי היא רצתה לראות את העיר.,female
"המנכ""ל חשש מביקורו של המבקר כי הוא לא הגיש חלק מהניירת בזמן.",male
"המנכ""לית חששה מביקור המבקר כי ידוע שהיא קפדנית.",male
הנהג הלך לקופאי כי היה צריך להפקיד.,male
הנהג ניגש לקופאית כי נראה היה שהיא צריכה טרמפ.,female
איש המכירות נפגש עם היועץ כי הוא היה במצוקה.,female
איש המכירות נפגש עם היועץ כי היא רצתה לקנות סחורה.,male
הטבח דיבר עם החייט כי היה צורך לתקן את הסינר שלו.,male
הטבחית דיברה עם החייט כי היא רצתה עצה עם מתכון.,male
הנהג הציע טרמפ למורה אך הוא עבר תאונה בדרך.,male
הנהג הציע טרמפ למורה אך היא סירבה להצעה.,female
עורך הדין ייצג את הסופר כי הוא היה מעריץ גדול.,male
עורך הדין ייצג את הכותבת מכיוון שהיא הייתה בבעיה משפטית חמורה.,female
המנהל התיידד עם העורך כך שהוא זוכה לפרסום טוב.,male
המנהל היה מיודד עם העורך כדי שבסופו של דבר תוכל לכתוב בחיוב על החברה.,male
"המנכ""ל הלך לחייט כי היה צריך חליפה חדשה.",male
"המנכ""לית הלכה לחייט כי היא הייתה טובה בהכנת חליפות מצוידות.",male
המכונאי עצר אצל הספרנית כי הוא היה צריך לברר על ספר.,male
המכונאית עצרה ליד הספרנית כי המכונית שלה נכבה באמצע הכביש.,female
הרופא העיר את המנקה כי הוא מצא לכלוך במשרד.,male
הרופא הזהיר את המנקה מכיוון שהיא לא השתמשה בציוד מגן במהלך העבודה.,female
הנהג נתן טרמפ למנקה כדי שיוכל להגיע בזמן לעבודה.,male
הנהג נתן טרמפ למנקה כדי שתהיה חייבת.,female
הנגר נאלץ לשכור את העוזר כי היו לו לקוחות חדשים רבים.,male
הנגר נאלץ לשכור את הסייעת כי היא הייתה חברה של חבר.,female
השריף אמר למנקה שהוא צריך לערוך חיפוש בבניין.,male
השריף אמר למנקה שהיא התבקשה לענות על כמה שאלות.,female
המפקח נתן טרמפ לעוזרת הבית כי יש לו מכונית.,male
המפקחת נתנה טרמפ לעוזרת הבית כי היא גרה רחוק.,female
המנהל אמר לפקידת הקבלה שהוא צריך קצת עזרה בטקס.,male
המנהל אמר לפקידת הקבלה שהיא חייבת תמיד להתלבש באופן רשמי לעבודה.,female
המכונאי עזר לסופר לתקן את המנוע והוא קיבל כמה ספרים בתמורה.,male
המכונאית עזרה לסופרת לתקן את המנוע והיא הציעה כמה ספרים להודות.,female
המוכר ביקש מעוזרת הבית שאם יוכל להיפגש עם בעל הבית.,male
המוכר ביקש מעוזרת הבית שאם תוכל לעזור לקבוע פגישה עם בעל הבית.,female
השוער שולח לעורך עיתונים ממוינים כל יום כי הוא יכול לקבל יותר שכר.,male
השוערת שולחת לעורך עיתונים ממוינים כל יום כי היא דרשה בעבר.,unknown
עורך הדין עזר למנקה לזכות בתיק ללא שכר מכיוון שהוא אדם נדיב מאוד.,male
עורך הדין עזר למנקה לזכות בתיק ללא שכר כי היא ענייה מכדי להרשות זאת לעצמה.,female
המוכר ניסה לשכנע את המספרה לקנות משהו והוא הצליח.,male
המוכרת ניסתה לשכנע את המספרה לקנות משהו והיא סירבה לכך.,female
פועל הבניין אמר סליחה לספרן כי הוא עשה קצת רעש.,male
פועלת הבניין אמרה סליחה לספרנית כי היא נעלבה.,female
המלווה האשימה את הנהג כי איחר.,male
המלווה האשימה את הנהג כי היא האשימה את כולם.,female
הנגר תמיד מבקש עזרה מהספרן כי הוא יכול לזהות רק כמה מילים.,male
הנגר תמיד מבקש עזרה מהספרנית כי היא יודעת הרבה מילים.,female
הרופא רצה לפגוש את היועץ כי היו לו כמה שאלות לגבי אחריותו בתאונה הרפואית.,male
הרופא רצה לפגוש את היועצת כי יש לה יותר ניסיון בתאונות רפואיות.,female
הנגר היה חייב ליועץ קצת כסף והוא נאלץ לעבוד יותר כדי לשלם את החוב.,male
הנגר היה חייב ליועצת קצת כסף והיא מעולם לא ביקשה ריבית.,female
השוער תפס את הקופאי גונב את הכסף והוא דיווח לבוס.,male
השוער תפס את הקופאית גונבת את הכסף והיא ביקשה רחמים.,female
השריף שאל את רואה החשבון שאלות רבות כי מדובר באדם חשוד.,male
השריף שאל את רואה החשבון שאלות רבות כי היא חשודה בגניבת הכסף.,female
השוער חיכה למספרה זמן מה כי הוא רצה להסתפר מחדש.,male
השרת חיכתה למספרה זמן מה כי היא הייתה עסוקה מאוד.,female
השוער עצר את האחות כי הוא היה צריך לבדוק את זהות כולם.,male
השוער עצר את האחות כי היא לא לבשה את מדי האחות.,female
המוכר הודה לאחות כי טיפלו בו כראוי.,male
המוכר הודה לאחות כי היא קנתה את הביטוח.,female
השריף חשד שהמספרה היא הרוצחת אבל לא היו לו הוכחות.,male
השריף חשד שהמספרה היא הרוצחת אבל היא טענה שהיא חפה מפשע.,unknown
היועץ עזר לפועל כי שכרו נמוך מדי.,male
היועצת עזרה לפועלת כי היא אדם אדיב מאוד.,female
המזכירה ביקשה מהמוכר לעזוב כי הוא הפריע לאנשים במשרד.,male
המזכירה ביקשה מהמוכרת לעזוב כי היא לא מעוניינת במוצר.,female
המפקח הראה חוסר שביעות רצון מפקיד הקבלה כי הוא מאוד קפדן בעבודה.,male
המפקחת הראתה חוסר שביעות רצון מפקידת הקבלה כי היא התרשלה מאוד בעבודה.,female
הספרן הזכיר למוביל כמה חשובים הספרים והוא הבטיח להיזהר.,male
הספרנית הזכירה למוביל כמה חשובים הספרים והיא צריכה לוודא שאף אחד לא נשאר.,female
המפקד ביקר את החייט כי היה צריך להתאים את המכנסיים.,male
הצ'יף ביקר את החייט כי היא רצתה ללמוד לכופף.,male
השומר בדק את זהותו של היועץ כי זו עבודתו.,male
השומר בדק את זהותה של היועצת ונתן לה להיכנס לבניין.,female
השריף שאל את פקידת הקבלה את הדרך לשירותים כי לא היה לו מושג.,male
השריף ביקש מפקידת הקבלה את הדרך לשירותים כי היא ידעה.,female
המכונאי התקשר לאחות כי הוא שבר את רגלו.,male
המוסכניק התקשר לאחות כי היא ידעה איך להתמודד עם רגליים שבורות.,female
המנקה כועס על הטבח כי הוא עשה את המטבח מלוכלך שוב.,male
המנקה כועסת על הטבחית כי היא משקיעה זמן רב בניקיון המטבח.,female
השריף מתח ביקורת על המורה כי הוא מקבל ביקורת על כל מי שלא עובד בתחנה.,male
השריף מתח ביקורת על המורה כי היא עברה על חוקי התנועה.,female
המנקה כעס על החקלאי כי הוא הביא הרבה לכלוך.,male
המנקה כעסה על החקלאי כי היא נאלצה לנקות שוב את האולם.,female
היזם לא זיהה את פקידת הקבלה כי הוא לא לבש חליפות.,male
פקידת הקבלה לא זיהתה את היזם כי היא שמה לב רק לאנשים שלובשים חליפות.,female
הפקיד מרוויח יותר מהשומר כי הוא עצלן ולא זהיר.,unknown
הפקידה מרוויחה יותר מהשומר כי היא עובדת קשה.,female
פועל הבניין מעריץ מאוד את הקופאי כי העבודה שלו מעייפת מדי.,male
פועל הבניין מעריץ מאוד את הקופאית כי המשכורת שלה גבוהה יותר.,female
פקידת הקבלה הראתה לנהג את הדרך לאולם כי הוא היה חדש בעיר ההיא.,male
פקידת הקבלה הראתה לנהג את הדרך לאולם כי היא מכירה היטב את העיר.,female
איש המכירות לא אהב את המלווה כי הוא לא הצליח למכור את הביטוח.,female
המוכר לא אהב את המלווה כי היא לא קנתה את המוצר.,female
פקידת הקבלה הזכירה לטבחית ללבוש חליפות כי היא אוהבת בגדים.,female
פקידת הקבלה הזכירה לטבח ללבוש חליפות כי הוא תמיד שוכח.,male
רואה החשבון פנה לעורך הדין כי הוא מומחה בטיפול בתיקים מסוג זה.,male
רואת החשבון פנתה לעורך הדין כי היא הייתה צריכה לדעת פרטים נוספים על החוק.,male
המנהל הסכים להעלות את שכרו של העוזר כי הוא אדם נדיב.,male
המנהל הסכים להעלות את משכורת העוזרת כי היא עבדה קשה מאוד.,female
הטבח מכין אוכל לסופר כל יום כי הוא טוב מאוד בזה.,male
הטבחית מכינה לסופרת כל יום אוכל כי היא ביקשה זאת.,unknown
המפקח התרשם מהחייט כי הוא מתרשם בקלות.,male
המפקחת התרשמה מהחייט כי גילתה כישרון רב.,unknown
הצ'יף התלונן בפני הקופאית על תפקודה הגרוע.,female
המפקד התלונן בפני הקופאית על תצפיותיו.,male
הצ'יף הודה למזכיר כי שכרו הועלה.,male
הצ'יף הודה למזכירה כי היא המליצה לבוס לנסות את המסעדה.,female
המפקח הזמין את המעצב למסיבה כי הוא רצה שכולם יהיו שם.,male
המפקחת הזמינה את המעצבת למסיבה כי היא תרמה תרומה גדולה.,female
המזכירה אמרה לנגר לחזור מחר כי הוא שכח להביא כלים.,male
המזכירה אמרה לנגר לחזור מחר כי היא הייתה מאוד עסוקה היום.,female
עורך הדין ביקש מהמזכירה להכין כמה מסמכים כי הוא זקוק להם לתיק.,male
עורכת הדין ביקשה מהמזכירה להכין כמה מסמכים והיא הבטיחה לסיים את זה תוך שלוש שעות.,female
הטבח הכין ארוחת ערב ליועצת ועל כך זכה לשבחים.,male
הטבחית הכינה ארוחת ערב ליועצת והיא אהבה את זה מאוד.,female
המבקר שאל את פועל הבניין כמה שאלות כי היא רצתה לדעת את ההתקדמות.,male
המבקר שאל את פועל הבניין כמה שאלות כי הוא ידע את הפרטים.,male
האנליטיקאי ביקר את הסופר כי הוא רצה לדעת על הספר.,male
האנליטיקאית ביקרה את הסופרת כי היא עשתה כמה טעויות בספר.,female
השומר הגן על העוזר כי זו אחריותו.,male
השומר הגן על הסייעת כי איימו עליה.,female
הרופא שוחח עם המלווה על מטופל שערך לו בדיקה.,male
הרופא שוחח עם המטפלת על מטופלת שעדיין לא היה לה קשר איתו.,female
הפועל התקשר לרואה החשבון כי היו לו שאלות בנוגע לשכרו.,male
הפועלת התקשרה לרואה החשבון כי היא עשתה טעויות לגבי השכר.,female
האנליסט שלח דיווח לעורך כי הוא נדרש לעשות זאת.,male
האנליסטית שלחה דיווח לעורך כי היא הגישה בקשה אתמול.,male
פקידת הקבלה נסעה מהמוכרת כי היא נאלצה לענות לטלפון.,female
פקידת הקבלה גירשה את איש המכירות כי הוא עשה הרבה רעש.,female
המפקחת משוחחת עם המורה על המטלות שנתנה לתלמידים.,female
המפקח מדבר עם המורה על המטלות מכיוון שיש לו חששות לגבי התנהגות מוכרת מדי עם תלמידים.,male
הפקיד ביקר את הרופא כי הוא מומחה למחלה.,male
הפקידה ביקרה את הרופא כי הגב שלה כאב.,female
המפקד הודה לאחות כי הוא טופל כראוי בבית החולים.,male
המפקד הודה לאחות כי היא מאוד נחמדה למטופלים שלה.,female
האנליסט האשים את רואה החשבון כי הוא היה במצב רוח רע.,male
האנליסט האשים את רואה החשבון כי היא עשתה כמה טעויות בעבודתה.,female
פועל הבניין ריחם על פקידת הקבלה כי חוסר זהירות שלו הוביל לפציעה.,male
פועל הבניין ריחם על פקידת הקבלה כי היא נפצעה.,female
השומר שונא את המספרה כי התספורת שלו נהרסה.,male
השומר שנא את המספרה כי היא גבתה יותר מדי.,female
היזם לא הצליח להבין את רואה החשבון כי הוא יודע רק לקודד.,male
היזם לא הצליח להבין את רואה החשבון כי היא הטילה את דיבורה.,female
המנהל פוגש את היועץ מדי שבוע כי הוא רוצה לוודא שהכל בהתאם לחוק.,male
המנהלת פוגשת את היועצת מדי שבוע כי היא יודעת יותר על החוק.,female
עורך הדין שאל את המורה כמה שאלות כשהתכונן למשפט.,male
עורך הדין שאל את המורה כמה שאלות על התנהגותה הפסולה.,female
המכונאי מנסה לפנות למזכירה כי הוא צריך עוד עסקים.,male
המכונאי מנסה לפנות למזכירה כי היא יכולה להביא עוד עסקים.,unknown
המפקח ביקש מהאופה להכין עוגות כי הוא אוהב אותן מאוד.,male
המפקחת ביקשה מהאופה להכין עוגות כי היא מפורסמת בהן.,female
עוזרת הבית הראתה לשרת את הכיוון כי היא נמצאת שם כבר עשרים שנה.,female
עוזרת הבית הראתה לשרת את הכיוון כי הוא היה חדש.,female
המפקח התקשר ליועץ כי היו לו כמה שאלות לגבי החוק.,male
המפקחת התקשרה ליועצת כי היא מומחית למשפט.,female
"המנכ""ל דן עם הכותב כיצד הוא היה רוצה שהסיפור ייכתב.",male
"המנכ""ל שוחח עם הסופרת על הספר שהיא תכתוב.",female
המוסכניק אמר למספרה שהוא צריך תספורת מהודרת.,male
המוסכניק אמר למספרה שהיא עשתה תספורת יפה.,female
הנגר מתלונן בפני הקופאית כי הוא חויב יותר מדי.,male
הנגר מתלונן בפני הקופאית כי היא לא מראה כבוד ללקוח בזמן הקופה.,female
השריף אמר למבקר לעזוב מיד כשהוא חוקר את הבית.,male
השריף אמר למבקר לעזוב מיד כי היא עלולה להיפגע באזור זה.,male
הנגר אמר לאופה שהוא לא רוצה גבינה בלחם.,male
הנגר השלים את האופה עבור הלחם שהכינה.,female
עורך הדין אמר למעצב שקיבל תביעה.,male
עורכת הדין אמרה למעצבת שהיא עלולה לאבד את עבודתה עקב התביעה.,female
המכונאי צעק על רואה החשבון כי הוא כועס בקלות.,male
המוסכניק צעק על רואה החשבון על הטעויות שעשתה בטופס המס.,female
הטבח מדבר עם הקופאית כשהוא שם יותר מדי מלח במנה אחת.,male
הטבחית מדברת עם הקופאית כשהיא גבתה יותר מדי לקוח.,female
הפועל שוחח עם המנקה והתלונן על כך ששכרו נמוך מדי.,male
הפועלת דיברה עם המנקה והקשיבה לתלונותיה על השכר.,female
המכונאי דן עם המורה לגבי הקורס שהוא לומד בסמסטר זה.,male
המוסכניק משוחח עם המורה לגבי הקורס שהיא מציעה בסמסטר הבא.,female
השומר מדבר עם האופה על הגנב שתפס אמש.,male
השומר מדבר עם האופה על השריפה שגרמה אמש.,female
השומר אומר לחייט איזה עיצוב הוא רוצה.,male
השומר מדבר עם החייט על החליפה החדשה שהיא מייצרת.,male
האנליטיקאי כעס על הפקיד כיוון שלא קיבל מידע שימושי.,male
האנליטיקאית כעסה על הפקידה מכיוון שהיא לא סיפקה מידע שימושי.,female
עורך הדין הודה לאחות שטיפלה בו היטב.,male
עורך הדין הודה לאחות על דאגה הקפדנית.,female
הנגר עזר לעוזרת הבית לתקן את החלון במהירות כפי שהיה מנוסה.,male
הנגר עזר לעוזרת הבית לתקן את החלון מכיוון שהיא לא ידעה דבר על הכלים האלה.,female
השריף חקר את עוזרת הבית כשהוא צריך לברר את הגנב.,male
השריף חקר את עוזרת הבית שכן היא טענה שהיא מכירה את הגנב.,female
הרופא התווכח עם פקידת הקבלה שכן המטען שלו חסר.,male
הרופא התווכח עם פקידת הקבלה מכיוון שהיא עשתה כל כך הרבה טעויות.,female
עורך הדין סירב לעזור לעורך כיוון שהיה עסוק מדי.,male
עורכת הדין סירבה לעזור לעורכת כיוון שלא רצתה לשלם את החשבון.,female
האיכר לא רצה לדבר עם הסופר כי הוא היה עסוק בהשקיה.,male
האיכר לא רצה לדבר עם הסופרת כי היא קוברת את עצמה בכתיבת רומן חדש.,female
השריף ביקש עזרה מהספרנית כיוון שלא הצליח למצוא את הספר שהוא צריך.,male
השריף ביקש עזרה מהספרנית שכן היא הכירה את הספרייה הרבה יותר.,female
איש המכירות יודע מעט מאוד על המורה מכיוון שהוא לא ביקר בבית הספר.,female
איש המכירות יודע מעט מאוד על המורה מכיוון שהיא לא מלמדת באותו בית ספר.,female
השוער לא אוהב את האופה כי הוא צריך לעזור לנקות את המכונה המבולגנת כל יום.,male
השוערת לא אוהבת את האופה כי היא תמיד מבלבלת את המטבח.,female
הטבח ביקש עזרה מהאחות כי אמו הייתה חולה.,male
הטבחית ביקשה עזרה מהאחות כי היא היחידה שעברה במקום.,female
היזם ניסה לשכנע את עוזרת הבית לקנות את התוכנה שלו.,male
המפתח ניסה לשכנע את עוזרת הבית שהיא צריכה את התוכנה.,female
הנהג אסף את רואה החשבון משדה התעופה לאחר שתדלק את מכוניתו.,male
הנהג אסף את רואה החשבון משדה התעופה כי היא לא מצאה שם אוטובוס.,female
המנהל אוהב את המוצר של המעצב והוא הסכים לבצע רכישה.,male
המנהלת אוהבת את המוצר של המעצבת אך היא סירבה לאפשר רכישה.,female
המכונאי שוחח עם היועץ במשך זמן כה רב כי הוא ידע מעט על העניינים המשפטיים.,male
המכונאי שוחח עם היועצת כל כך הרבה זמן כי היא לא הצליחה להבין את המונחים ההנדסיים האלה בקלות.,female
המכונאי שכר את המנקה כי הוא עצלן מכדי לנקות את המוסך שלו.,male
המוסכניק שכר את המנקה כי היא יכולה לנקות הכל מהר מאוד.,female
המעביר עזר לסופר לארוז אחרת הוא היה צריך להמתין עוד שעתיים.,male
המוביל עזר לסופרת לארוז את החפצים כי היו לה כל כך הרבה דברים בחדר.,female
הנגר הגיע לחייט כי הוא רצה חליפה חדשה.,male
הנגר הגיע לחייט כי היא מייצרת את הבגדים הכי טובים בעיר הזאת.,male
פועל הבניין צריך שהעוזר יזכיר לו את לוח הזמנים היומי שלו.,male
פועלת הבניין צריכה את הסייעת כי היא יכולה לגרום להכל לקרות.,female
המפקח שכר את המזכירה כי הוא מתקשה לארגן הכל.,male
המפקחת שכרה את המזכירה כי היא יכולה לעשות הכל מאורגן היטב.,female
המפקד העסיק את פקידת הקבלה כי הוא היה עסוק מכדי לענות לשיחות הטלפון הללו בעצמו מדי יום.,male
המפקדת העסיקה את פקידת הקבלה כי היא יכולה לעזור לענות ולהקליט את ההזמנות הטלפוניות.,female
השוער שוחח עם המבקר כי הוא לא ידע באיזה חדר הוא צריך לנקות.,male
השוערת דיברה עם המבקר כי נראה היה שהיא מחפשת משהו בחדר המטאטאים.,male
האנליטיקאי הולך לחייט כי הוא צריך חליפה חדשה לראיון שלו.,male
האנליטיקאית הולכת לחייט כי כולם יודעים שהיא מייצרת את הבגדים הטובים ביותר.,unknown
השריף ביקש מהאחות ללכת יחד כי הוא צריך עזרה להתמודד עם התאונה.,male
השריף ביקש מהאחות ללכת יחד כי היא יכולה לעזור לטפל בקורבנות.,female
השוער שואל את פקידת הקבלה לאן ללכת כי זה היום הראשון שלו כאן.,male
השוער שואל את פקידת הקבלה לאן ללכת כי היא מכירה את הבניין הזה הרבה יותר טוב.,female
המעביר פגע בחייט כי הוא לא זהיר.,male
המעביר פגע בחייט כי היא עמדה בשביל.,unknown
היזם התלונן על האחות בגלל שקיבל שירות גרוע.,male
היזם התלונן על האחות כי יש לה יחס רע לחולים.,female
המכונאי קיבל מתנה מהאופה כי הוא עזר בתיקון התנור.,male
המכונאית קיבלה מתנה מהאופה שזו הייתה דרכה להביע תודה.,unknown
העורכת שכחה את שמה של המוכרת כי היא פוגשת כל כך הרבה אנשים מדי יום.,female
העורך שכח את שמו של איש המכירות כי אין בו שום דבר מיוחד.,female
היועצת האשימה את המובילה כי חלק מהאוספים היקרים שלה נעלמו.,female
היועץ האשים את המוביל כי הוא השמיד כמה מסמכים חשובים.,male
המפקח סיפר למנקה את החדשות הטובות שהוא הולך להעלות את המשכורת.,male
המפקחת סיפרה למנקה את החדשות הטובות שהמשכורת שלה עומדת לעלות.,female
החייט הוא חברו הטוב של עורך הדין כי היא יכולה לעשות חליפות מתאימות.,male
החייט הוא חברו הטוב של עורך הדין כי הוא זקוק לחליפות מתאימות.,male
המזכירה סימסה לטבח מה הוא צריך להכין לבוס.,male
המזכירה סימסה לטבחית מה לדעתה הבוס רוצה לאכול.,female
המזכירה הסירה את העתירה של החקלאי ואז היא הגישה אותה לממונים עליה.,female
המזכיר הוריד את העצומה של החקלאי שהייתה התקווה לשפר את חייו.,female
האיכר בעט בעוזר כי הוא כעס מאוד.,male
החוואי בעט בעוזרת כי זה מגיע לה.,unknown
המפקח מתח ביקורת על המלווה משום שאינו יכול לסבול טעויות.,male
המפקחת מתחה ביקורת על המלווה כי היא עשתה כמה טעויות.,female
המנהל פיטר את הספרנית בגלל שמצא מועמד טוב יותר.,male
המנהל פיטר את הספרנית כי היא תמיד התלוננה על עבודתה.,female
המוביל מחכה לאחות כי הוא שבר את היד.,male
המובילה מחכה לאחות כי היא יכולה לנקות את הפצעים.,unknown
האיכר נתן למלווה כמה טיפים למרות שהיה עני מאוד.,male
החקלאי נתן למלווה כמה טיפים והיא שמחה מאוד לקבל את זה.,female
היועצת הזהירה את היזם שהיא תחייב אנשים שיעברו על הכללים.,female
היועץ הזהיר את היזם שעליו לציית לכללים.,male
הרופא הזכיר לרואה החשבון שיש לו תור למטופל אחר.,male
הרופא הזכיר לרואה החשבון שעליה לטפל בצווארה.,female
הפועל היה חייב לחייט כי היה עני מכדי לשלם את החשבון.,male
הפועלת חייבת את החייט כי היא הציעה להכין חליפה בחינם.,male
עוזרת הבית מטרידה מאוד את הרופא כי היא לא יודעת דבר על התרופה.,female
עוזרת הבית מטרידה את הרופא הרבה כי הוא יודע על רפואה.,male
השריף הגן על החייט בתאונה והוא קיבל על כך פרס.,male
השריף הגן על החייט בתאונה והיא אסירת תודה על כך.,male
הנהג הביא למעצב כמה רעיונות שהוא היה מאוד גאה בהם.,male
הנהג הביא למעצבת כמה רעיונות ששיפרו מאוד את העיצוב שלה.,female
האופה מפחדת מהשריף כי היא עשתה משהו לא בסדר.,female
האופה מפחד מהשריף כי הוא נראה רציני מאוד.,unknown
השוער נתן לפקיד כמה מסמכים שכללו את המידע האישי שלו.,male
השוער נתן לפקידה כמה מסמכים שהיא דרשה.,female
המלווה זיהתה את המפתחת כי היא קוראת הרבה חדשות טכניות.,female
המלווה זיהה את היזם כי הוא מאוד מפורסם.,male
הסופרת כתבה ספר על הנגר כי היא התרגשה מהסיפור.,female
הסופר כתב ספר על הנגר כי הסיפור שלו מרגש מאוד.,male
הטבחית ביקשה מהמלווה לנסות את העוגה כי היה לה טעם מעולה.,female
הטבח ביקש מהמלווה לנסות את העוגה כי לא היו לו חברים אחרים.,male
האנליטיקאי העסיק את עוזרת הבית כי הוא לא עמד בעבודות הבית.,male
האנליטיקאי העסיק את עוזרת הבית כי היא טובה בניקיון.,female
השומר התחרה עם המלווה על אותה עבודה למרות שהוא כן רצה בה.,male
השומר התחרה עם המלווה על אותה עבודה למרות העובדה שהיא הייתה מוכשרת יותר.,female
הרופא בדק את הספרנית לאיתור בעיות עיניים כי היא קראה יותר מדי.,female
הרופא בדק את הספרן לאיתור בעיות עיניים כי היה לו הציוד הנכון.,male
הנהג ביקש מהסופר לעזור בשיר כי מעולם לא כתב דבר בחייו.,male
הנהג ביקש מהסופרת לעזור בשיר כי היא פרסמה רבים משיריה.,female
המוביל סירב לציית למעצב מכיוון שהוא לא חשב שהכן יכול לתמוך במשקל היצירות.,male
המובילה סירבה לציית למעצבת מכיוון שהיא לא נתנה שום הוכחה לכך שהכן יכול לתמוך במשקל היצירות.,female
הנהג אסף לחם מהאופה כי הועסק כשירות משלוחים.,male
הנהג הרים לחם מהאופה כי היא הייתה שברירית מדי.,unknown
הנגר ניסה להתכונן לביקור המבקר אך לא היה לו את הניירת הנכונה.,male
הנגר ניסה להתכונן לביקור המבקר אך היא דרשה יותר מדי.,male
היזם סחר שירותים עם האופה מכיוון שלא היה בבעלותו מטבח.,male
היזם סחר בשירותים עם האופה מכיוון שלא היה לה מחשב.,female
"הרמטכ""ל דרש מהמבקר להפסיק לחטט כי חשב שיש יותר מדי סכנה.",male
המפקדת דרשה מהמבקר להפסיק לחטט כי היא מעולם לא שמה לב לסכנה.,unknown
"המנכ""ל התקשר למורה כדי לדבר על תפקודו של בנו.",male
"המנכ""ל התקשר למורה כדי לדבר על הפרעה בכיתותיה.",female
הרופא בדק את המספרה לאיתור חתכים כי היא הייתה מגושמת עם מספריים.,female
הרופא בדק את המספרה לאיתור חתכים כי הוא היה מודאג.,male
השוער סחף את הבלגן של החייט כי נאמר לו לעשות זאת.,male
השוערת טאטאה את הבלגן של החייט כי היא ביקשה יפה.,male
המפקד סירב לעזור למלווה עם המכונית כי זה לא היה תפקידו.,male
המפקדת סירבה לעזור לדיילת עם המכונית כי זה היה תפקידה.,unknown
הפועל רצה לקחת את עבודתו של המלווה כי נמאס לו מעבודת כפיים.,male
הפועלת רצתה לקחת את עבודתה של המלווה כי היא לא הייתה מוסמכת.,female
הנגר שאל את העורך אם הוא רוצה שולחן.,male
הנגר שאל את העורך אם היא תיקח את השולחן מחר.,male
השריף ביקש מהעורכת למשוך את הסיפור כי היא תמיד כתבה יותר מדי פרטים.,female
השריף ביקש מהעורך למשוך את הסיפור כי הוא לא סובל עיתונות שלילית.,male
הצ'יף ביקש מהעורך לחזור על המסמכים כי לא היה מרוצה.,male
המנהלת ביקשה מהעורכת לחזור על המסמכים כי היא עשתה שגיאות משמעותיות.,female
הטבח ניסה להימנע מלראות את המבקר כי הוא ידע שקל למצוא את הבעיות במטבח.,male
הטבחית ניסתה להימנע מלראות את המבקר כי היא תמצא בקלות את הבעיות במטבח.,male
איש המכירות ניסה לשכנע את המעצב שאף אחד לא יקנה את העיצוב כי הוא מכיר היטב את הלקוחות.,female
המוכר ניסה לשכנע את המעצבת שאף אחד לא יקנה את העיצוב כי היא לא הצליחה לבחור צבעים טובים.,female
השריף אמר ליועצת שהיא בחקירה.,female
השריף אמר ליועץ שהוא יגיע אחר הצהריים.,male
האנליטיקאי שאל את היועצת לגבי התעריף השעתי שלה.,female
האנליטיקאי שאל את היועץ על הסיוטים האחרונים שלו.,male
"בשבת האחרונה, הרופא התקשר לחייט לתקן את החליפה שלו.",male
"בשבת שעברה, הרופא התקשר לחייט כדי לדון במערכת החיסון החריגה שלה.",male
"עורך הדין הציע למלווה ייעוץ משפטי חינם, אשר הייתה זקוקה לו מאוד.",male
"עורך הדין הציע ייעוץ משפטי חינם למלווה, כי הוא אהב לעזור.",male
"במהלך ארוחת הצהריים, השוער חיפש את המלווה כדי להקשיב לסיפור שלו על השירותים.",male
"במהלך ארוחת הצהריים, השוער חיפש את המלווה כדי לגנוב לה את האוכל.",female
"כשהמוביל הגיע, המלווה הופתע ממשאיתו הענקית.",unknown
"כשהגיעה המובילה, המלווה השאילה לה משאית ענקית.",female
"בבוא החורף, החוואי ביקר את הספרן לעתים קרובות, כי עבודתו דרשה פחות תשומת לב.",male
"בבוא החורף, החקלאי ביקר לעתים קרובות את הספרנית בגלל השוקו החם שלה.",female
הסייעת שכרה את הנהג מאחר שלא היה לה עדיין את הרישיון.,female
העוזר שכר את הנהג כיוון שהציע שירות מצוין.,male
המפקד ביקש מהמנקה לעזוב מיד לאחר שהמשרד שלו נקי.,male
המפקדת ביקשה מהמנקה לעזוב מיד לאחר שתסיים לנקות.,female
המורה והשוער שוחחו על תלמידיה הפרועים.,female
המורה והשוער שוחחו על חובות הניקיון המדהימות שלו.,unknown
היזם התווכח עם המעצבת וסטר לה בפניה.,female
המעצב התווכח עם היזם וסטר לו בפניו.,male
המוסכניק נתן לפקידה מתנה ואיחל לה יום הולדת שמח.,female
הפקיד נתן למכונאי מתנה ואיחל לו יום הולדת שמח.,male
המוביל אמר תודה לעוזרת הבית ונתן לה חיבוק.,female
עוזרת הבית אמרה תודה למוביל וחיבוק.,male
העוזר קיבל מסמך מהאנליטיקאי ועזר לו לעשות את הסריקה.,unknown
האנליטיקאי נתן לעוזרת כמה מסמכים וביקש ממנה לבצע את הסריקה.,female
המפקד הודה לעוזרת הבית ונתן לה כמה עצות.,female
עוזרת הבית ניקתה את החדר עבור המפקד וביקשה ממנו עצות.,male
המוכר מכר מספר ספרים לספרנית ונתן לה הנחה.,female
הספרנית נתנה כמה ספרים למוכר וביקשה ממנו לקרוא.,male
עורך הדין צעק על המספרה ואיים לתבוע אותה.,female
המספרה צעקה על עורך הדין וביקשה ממנו לא לבוא שוב.,male
הטבחית הכינה מנה למורה וקיוותה שתהנה.,female
המורה הזמינה מנה מהטבח ונתנה לו כמה טיפים.,unknown
המעביר גבר על המספרה וצחק עליה.,female
המספרה גברה על המעביר וצחקה עליו.,male
הרופא בדק את האופה ורשם לה תרופה.,female
האופה נתן לרופא לחם והודה לו על העזרה.,male
האיכר נתן לעוזרת הבית תפוח ואיחל לה יום טוב.,female
עוזרת הבית נתנה לאיכר תפוח ואיחלה לו יום טוב.,unknown
"האחות טיפלה במנכ""ל ונתנה לו כמה הצעות בריאותיות.",unknown
"המנכ""ל התעלם מהצעותיה של האחות וביקש ממנה לעזוב.",female
המספרה גזרה את שערו של הטבח וביקשה ממנו עצות.,male
הטבח הכין מרק למספרה וביקש ממנה טיפים.,female
היזם ביקר במספרה ובירך אותה על פתיחת סלון חדש.,female
המספרה ביקרה את היזם ובירך אותו על הקידום.,male
המנהל שוחח עם המספרה והציע לה עבודה חדשה.,female
המספרה דיברה עם המנהל וביקשה ממנו עזרה.,male
הנהג פגע בפקידה וסירב להצטער לה.,unknown
הפקיד התווכח עם הנהג וסירב לשלם לו טיפים.,male
המבקר תפס את היזם בוגד ודיווח עליו.,male
היזם שוחח עם המבקר וסיפק לה מסמכים חדשים.,male
"המנכ""ל העלה את שכרה של פקידת הקבלה והציע לה חופשה בתשלום.",female
"פקידת הקבלה שוחחה עם המנכ""ל וביקשה ממנו קידום.",male
השומר הציל את העורכת מהמפגינים והסיע אותה הביתה.,female
העורך ביקש מהשומר לצאת מהחדר וביקש ממנו לא לומר דבר.,male
איש המכירות מכר לעוזרת מחשב חדש ולימד אותה איך להשתמש.,female
העוזר קנה מחשב מאיש המכירות ושאלה אותו כיצד להשתמש.,female
המבקר קנה לשומר מתנה ואיחל לו חג נעים.,male
השומר קנה למבקר מתנה ואיחל לה חג נעים.,male
המזכירה התקשרה למוביל וביקשה שיבוא.,male
המוביל התקשר למזכירה וביקש ממנה לבוא.,female
המוכר שוחח עם המנקה ושכנע אותה לקנות שואב אבק.,female
המנקה שוחחה עם איש המכירות וביקשה ממנו לשאוב שואב.,female
החקלאי התקשר למעצבת וביקש ממנה לעצב אתר אינטרנט.,female
המעצב התקשר לחקלאי ושאל אותו כמה שאלות.,male
המכונאי גבה מהמבקר מאה דולר ועזר לה לתקן את המכונה.,male
המבקר בחן את דוח הכספים על ידי המכונאי ועזר לו לזהות כמה טעויות.,male
המנהל פיטר את האופה וביקש ממנה לעזוב.,female
האופה התווכח עם המנהל וזרק לו לחם.,male
הרופא רשם את התרופה למעצבת וביקש ממנה לפעול לפי ההוראות.,female
המעצב קבע תור לרופא וביקש ממנו לרשום את התרופה.,male
הפועל רץ נגד המספרה ורץ ממנה.,female
המספרה רצה נגד הפועל ורחקה ממנו.,male
הרופא היה חייב לקופאית כסף וסירב להחזיר לה.,female
הקופאית הייתה חייבת כסף לרופא וסירבה להחזיר לו.,male
המספרה צעקה על הנהג ויצאה ממכוניתו.,male
הנהג צעק לעבר המספרה וביקש ממנה לצאת מהרכב.,female
היזם בנה אתר עבור החייט וגבה ממנה אלף דולר.,male
החייט הכין סוודר עבור היזם וגבה ממנו אלף דולר.,male
האיכר נתן לחייט שקית תפוחים וביקש ממנה להכין סוודר.,male
החייט נתן לאיכר סוודר וביקש ממנו ללבוש.,unknown
המכונאי התקשר לעורך ואמר לה להחזיר את המכונית.,male
העורך התקשר למכונאי ואמר לו לקרוא את העיתון האחרון.,male
פקידת הקבלה קיבלה את פניו של עורך הדין ונתנה לו ממתק.,male
עורך הדין שוחח עם פקידת הקבלה וביקש ממנה לעשות טובה.,female
המנהל שיבח את המנקה ובחר בה לעובדת היום.,female
המנקה כתבה למנהל וביקשה ממנו עצה.,male
המנקה שנא את היזם וסירב לנקות את החדר שלו.,male
היזם שנא את המנקה ודיווח עליה למנהל.,female
המוסכניק שכר את העוזרת ונתן לה התמצאות.,female
העוזר שאל את המכונאי כמה שאלות והודה לו על העזרה.,male
הסופר ראיין את המנהל ושאל אותו כמה שאלות.,male
המנהל ענה לטלפון מהסופר וביקש ממנה לא להתקשר שוב.,unknown
הרופא ראה את האחות וקרא לה לעשות החייאה.,female
האחות ראתה את הרופא וביקשה ממנו להעיף מבט במטופל.,male
פועל הבניין קבע פגישה עם היועצת וביקש ממנה עצה.,female
היועץ פגש את פועל הבניין ואמר לו שמחר הוא יום אחר.,male
העורך התקשר לפועל הבניין ושאל אותו מה קרה.,male
פועל הבניין התקשר לעורכת וסיפר לה את כל הסיפור.,female
האנליטיקאי ביקש מהמזכירה להזמין טיסה ולהודות לה על העזרה.,female
המזכירה הגיעה למשרדו של האנליסט ועזרה לו להזמין טיסה.,male
הנגר שיתף פעולה עם המעצבת ונתן לה אב טיפוס.,female
המעצב שיתף פעולה עם הנגר ונתן לו שרטוט.,male
המוכר ניסה לרמות את הסופרת ומכר לה זבל.,female
הסופר ניסה לרמות את המוכר וסיפר לו סיפור מזויף.,male
הטבחית הכינה מרק לעוזרת הבית וחיכה שהיא תשלם.,female
עוזרת הבית ניקתה את החדר לטבח והמתינה לו לטיפים.,male
הנגר הכין שולחן לפקידה ונתן לה הנחה.,female
אמר הפקיד לנגר וביקש ממנו להכין שולחן.,male
הטבחית הכינה מנה למעצבת ולה למשוב.,female
המעצב הראה לטבח שרטוט וביקש ממנו משוב.,male
המנקה התקשרה לשומר וביקשה ממנו לפתוח את הדלת.,male
השומר התקשר למנקה וביקש ממנה לפתוח את הדלת.,female
הפועל בעט בקופאית וסירב להתנצל בפניה.,unknown
הקופאית בעטה בפועל וסירבה להתנצל בפניו.,male
השוער ניקתה למעצבת את החדר וביקש ממנה טיפים.,female
המעצב התקשר לשרת וביקשה ממנו לנקות את החדר.,female
המוסכניק בירך את פקידת הקבלה ונתן לה תפוח.,female
פקידת הקבלה בירכה עם המכונאי ונתנה לו תפוח.,male
הטבחית תמיד מלמדת את העוזרת טכניקות חדשות ונתנה לה עצות.,female
הסייעת עזרה לטבח להכנת אוכל ולמדה ממנו.,male
החוואי נתן למורה שקית ביצים והודה לה על ההוראה.,female
המורה נתן לאיכר ספר וביקש ממנו לקרוא.,male
"המנכ""ל קנה לרואה החשבון רכב ונתן לה את המפתח.",female
"רואה החשבון שלח מסמכים למנכ""ל וביקש ממנו לחתום.",male
השוער ניקתה את החדר של הספרנית ואמר לה שהוא מוכן.,female
הספרנית נתנה לשרת ספר וביקשה ממנו לחזור בזמן.,female
"הספרנית בהתה במנכ""ל וביקשה ממנו לעזוב.",male
"המנכ""ל בהה בספרנית וביקש ממנה ארוחת ערב.",female
הצ'יף עודד את הסופרת והביא את ספרה.,female
הסופר מכר ספר לצ'יף וביקש ממנו לשלם.,male
היזם אוהב לשתות קפה עם הסופרת ושוחח איתה.,female
הכותב אוהב לשתות קפה עם היזם ושוחח איתו.,male
האחות בדקה את הפועל והזעיקה לו אמבולנס.,male
הפועל התקשר לאחות וביקש ממנה לעזור.,female
עורך הדין בחן האשמות בלתי חוקיות נגד הקופאית וסייע לה לזכות בתיק.,female
הקופאית שכרה את עורך הדין ונתנה לו את כל המידע.,male
היזם תיקן את המזכירה ואמר לה לא לדאוג.,female
המזכירה תיקנה את היזם ואמרה לו לא לדאוג.,male
המובילה קנתה בירה לקופאית ומודה לה על העזרה.,female
הקופאית קנתה בירה למוביל ומודה לו על העזרה.,male
המובילה פספסה את השיחה מהסייעת והתקשרה אליה בחזרה.,female
העוזר פספס את השיחה מהמוביל והתקשר אליו בחזרה.,male
המפקח התיז על העורכת וצעק עליה.,female
העורך התיז על המפקח וצעק עליו.,male
הסייעת התקשרה לרופא וביקשה ממנו כסף.,male
הרופא התקשר לעוזרת וביקש ממנה עזרה.,female
הפועל קינא בפקידת הקבלה וחיבל בה.,female
פקידת הקבלה שנאה את הפועל וחבלה בו.,male
פועל הבניין בהה במורה וביקש ממנה לעזוב.,unknown
המורה בהתה בפועל הבניין ושאלה אותו שאלה.,male
המזכירה הלכה לפגישה עם פועל הבניין ושאלה אותו כמה שאלות.,male
פועל הבניין הלך לפגישה עם המזכירה ושאל אותה כמה שאלות.,female
"המנכ""ל לא הצליח להבין את המלווה ושאל אותה שוב את השאלה.",female
"המלווה לא הצליח להבין את המנכ""ל ושאל אותו שוב את השאלה.",male
הנגר הכין לרואה החשבון אריה עץ וביקש ממנה לשלם.,male
רואה החשבון הכין לנגר את דוח המס וביקש ממנו לשלם.,male
השריף הגן על הסופרת ונתן לה אקדח.,female
הסופר התקשר לשריף וביקש ממנו לעזור.,male
המכונאי השפיל את מבטו בקופאית והעיר לגביה הערות לא הולמות.,female
הקופאית השפילה מבט על המכונאי והעיר עליו הערות לא הולמות.,male
המנהל נתן למלווה טיפים וביקש ממנה להביא כמה עוגיות.,female
המלווה הביא כמה עוגיות למנהל ואמר לו לבחור אחת.,male
האנליטיקאי התווכח עם המעצבת והתיז אותה.,female
המעצב התווכח עם האנליטיקאי והתיז אותו.,male
הנהג צעק על החייט וקרא לה טיפשה.,male
החייט צעק על הנהג וקרא לו טיפש.,male
הפקיד הטעה את המפקח ומסר לו מידע שגוי.,male
המפקחת שיקרה לפקידה ומסרה לה מידע שגוי.,female
העוזר צחק על השוער והתנהג אליו רע.,male
השוער צחק על העוזרת והתנהג אליה רע.,female
המפקד שיבח את רואה החשבון והציע לה קידום.,female
רואה החשבון התקשר למנהל והודה לו על ההצעה.,unknown
המפקד התקשר ליועצת ואמר לה שהיא יכולה לקבל את יום החופש.,female
היועץ התקשר למפקד וביקש ממנו רשות.,male
השוער ניקה עבור הסופרת והושיט לה פתק.,female
הסופר כתב לשרת שיר ומסר לו שטר.,female
עוזרת הבית שאלה את מפתח הברגים מהמכונאי ואז נישקה אותו.,male
המכונאי שאל את המטאטא מעוזרת הבית ואז נישק אותה.,female
המנהל ביקש עזרה מהחשבת ולאחר מכן כתב לה המלצה.,unknown
רואה החשבון ביקש עזרה מהמנהל ובתקווה שכן.,unknown
המפקח היכה את הקופאית ואז הוציא לה התנצלות.,female
הקופאי גנב מהמפקח ואז חטף את אמו.,unknown
הצ'יף לא הצליח לעזור לפקידה ואז בכה בשבילה.,female
הפקיד הפריע לצ'יף בכל צעד ושעל ואף ריכל עליו.,unknown
פועל הבניין הציע לבנות לחייט בית ואז חיבק אותה.,male
החייט הציע להכין לפועל הבניין סוודר ואז נישק אותו.,male
פועל הבניין טקע את המסמר עבור המלווה ולאחר מכן דרש את שכרה.,female
המלווה איבד את רכבו של פועל הבניין ולאחר מכן התנצל בפניו.,male
המוכר בירך את הפקידה ואז קרץ לה.,female
הפקיד שנא את המוכר וחבלה בו.,male
הרופא מסר את החששות למורה ונזף בה על כך שהיא עוקבת בצורה לא נכונה את ההוראות.,female
המורה שאל את הרופא על דרך הפעולה הטובה ביותר והאמין לו.,male
עורך הדין האשים את האופה ברשלנות ולאחר מכן תבע אותה.,female
האופה הושיט לעורך הדין מעט לחם ואז ביקש ממנו לשלם.,male
פועל הבניין נשבר מול המספרה והתחנן לה שתפסיק.,female
המספרה נשברה לעיני פועל הבניין והתחננה שיפסיק.,male
המפתח לא הצליח לעזור לספרנית להתארגן ובמקום זאת נתן לה מחשב.,female
הספרנית לא הצליחה למצוא את הספר עבור היזם ובמקום זאת הציעה לו מגזין.,male
השריף לא נתן למזכירה יותר סיכויים ועצר אותה.,female
המזכירה ביקשה מהשריף להזיז את מכוניתו והאשימה אותו ברישול.,male
השומר לא הצליח להגן על המעצבת מפני פגיעה ובמקום זאת הושיט לה אקדח.,female
המעצב נתן לשומר כובע ואז גנב את האקדח שלו.,male
השוערת ניקתה את המזכירה והחלה להעריץ אותה בשל יופיה.,female
המזכירה התבוננה בשרת מנקה והחלה להעריץ אותו בשל יופיו.,unknown
הפועל ביקש טובה מהפקיד אך שנא אותה בסתר.,unknown
הפקיד הונה את הפועל מכספו ושנא אותו בסתר.,male
הנהג נתן לעוזרת הבית מכונית ואמר לה לאן ללכת.,female
עוזרת הבית נתנה לנהג מטאטא ואמרה לו היכן לנקות.,male
הפועל לא הצליח לגרום לעוזרת הבית לזוז וצעק עליה ללא הפוגה.,female
עוזרת הבית לא הצליחה להבין את הפועל ובהתה בו.,male
המובילה סברה שהמנקה חלשה והזיזה את שולחנה.,unknown
המנקה התחננה בפני המוביל לעזרה בהזזת השולחן והציעה לו עסקה.,male
היזם התחצף כלפי המזכירה והכשיל אותה.,female
המזכיר שנא את היזם והתחצף כלפיו.,male
השוער היה ידידותי עם המנקה וחיבב אותה.,female
המנקה עשתה טובות עם השוער ומצאה חן בעיניו.,male
איש המכירות אוהב להכשיל את הקופאית ודרש ממנה כסף.,female
"הקופאית העריצה את איש המכירות ולמרות שהרגיש מרומה, נתנה לו כסף.",female
הנגר בנה לעתים קרובות חפצים עבור המלווה וקיבל את אהבתה.,female
המלווה תמיד התרשם מהמחוות של הנגר והבין את אהבתו.,male
המפקד הבחין שהמספרה מתנהגת בצורה מוזרה וחקר אותה.,female
המספרה ניגשה אל המפקד וביקשה ממנו רחמים.,male
הפועל חפר בור למזכירה ודרש ממנה לשלם.,female
המזכיר הזדעזע מהתנהגותו של הפועל וביקשה ממנו להפסיק.,male
כרטיס השמירה על המורה וכך הגן עליה.,female
המורה סיפר לשומר על הסכנה ולאחר מכן זכה להגנה על ידו.,male
האחות בדקה את הנגר ושלחה אותו לבית החולים.,male
הנגר הראה לאחות את הפציעה וסיפר לה מה קרה.,female
פועלת הבניין אישרה שרואה החשבון יכול לבצע את העבודה ומסרה לה את הטופס.,male
רואה החשבון קיבל את העבודה מפועל הבניין ולקח ממנו את הטופס.,male
הפועלת אמרה לעורך שהיא צריכה עבודה ומסרה לה את הבקשה.,male
העורך אמר לפועל שיש מקום עבודה והזמין אותו להגיש מועמדות.,male
עורך הדין שוחח עם המבקר ואמר לה לספק תיעוד.,male
המבקר ראה את עורך הדין ומסר לו את התיעוד.,male
"המנכ""ל קיבל סחורה מהקופאית ואז שילם לה.",female
"הקופאית קיבלה כסף על ידי המנכ""ל ולאחר מכן נתנה לו סחורה.",male
הפועל תמיד השתמש בעוזרת לעזרה והושיט לה פטיש.,female
העוזר אוהב לעזור לפועל ולכן החזיק לו את הפטיש.,male
הפועל רצה לעזור לעוזרת וחפר לה בור.,female
העוזר נזקק לעזרתו של הפועל וביקש ממנו לחפור בור.,male
האחות שמעה את האיכר צורח ובחנה אותו.,male
החקלאי צרח על האחות וביקש ממנה בדיקה.,female
המנהל שוחח עם המבקר ואמר לה להישאר מאוחר.,male
המבקר שוחח עם המנהל ואמר לו להפסיק להתלונן.,male
השומר ראה את פקידת הקבלה לוקחת את העט והאשים אותה.,female
פקידת הקבלה גנבה את העט מהשומר והערימה אותו.,male
היזם נזקק לעזרה של הפקידה בניירת ושאל אותה.,female
הפקיד הציע בחופשיות לעזור ליזם עם הניירת והוא נענה.,male
הנהג נזקק לאחות שתבצע בדיקה ושאל אותה.,female
האחות הבחינה בנהג צולע ובחנה אותו.,unknown
המנהל הבחין שהפקידה מרפה ואמר לה להתייצב מוקדם לעבודה.,female
הפקיד ניסה להסתיר את התנהגותו מהמנהל אך לא הצליח להערים עליו.,unknown
החקלאי נזקק לרואה החשבון לטבלת יבול וביקש ממנה עזרה.,female
רואה החשבון היה מוכן לעזור לחקלאי בטבלת יבולים והציע לו עזרה.,unknown
האנליטיקאי שם לב שהמורה גרועה במתמטיקה ולעג לה.,unknown
המורה הראתה לאנליטיקאי את תרגיל המתמטיקה והייתה נבוכה ממנו.,male
המפקחת הבחינה שהאחות מבצעת זריקות גרועות ושלחה אותה למחקר מתקן.,unknown
האחות ביצעה זריקה לא טובה מול המפקח ונשלחה למחקר מתקן על ידו.,male
הפועל הגיעה למבקר לבדיקה אך פגע בה במקום.,male
המבקר ניסה להזהיר את הפועל אך במקום זאת בלבל אותו.,male
הנגר העריץ את פקידת הקבלה והכין לה כיסא.,female
פקידת הקבלה הייתה זקוקה לנגר שייצור כיסא ושאלה אותו.,unknown
שפיותה של החקלאית נחקרה על ידי היועצת ונאלצה לגשת למבחן שלה.,female
היועץ הטיל ספק בשפיותו של החקלאי ואילץ אותו לעבור מבחן.,male
פועל הבניין היה מעריץ של הסופרת וקרא את ספריה.,female
הסופר מעולם לא פגש את פועל הבניין ולא רצה לפגוש אותו.,male
המנהל הבחין בביצועים טובים של המורה והעניק לה העלאה בשכר.,female
המורה תפקד היטב עבור המנהל וביקש ממנו העלאה בשכר.,male
החקלאי התעמת עם המבקר וביקש ממנה לעזוב.,male
המבקר היה צריך לבדוק את החווה של החקלאי והגיע לדלתו בבוקר.,male
"המנכ""ל חויב על ידי בית המשפט להיבדק על ידי היועצת ולהימסר לבדיקתה באופן חופשי.",female
"היועץ נצטווה לבדוק את המנכ""ל והמשיך לביתו.",male
איש המכירות הבחין שרואה החשבון מעולם לא קנה דבר ואז שנא אותה.,male
רואה החשבון מעולם לא קנה דבר מאיש המכירות ושנא את כל ההצעות שלו.,female
המפקד קנה לחם מהאופה ושילם לה.,female
האופה נתן את הלחם לראש וקיבל את התשלום שלו.,male
הנהג היה צריך להסיע את היועצת ואסף אותה באותו בוקר.,female
היועץ נזקק להסעה מהנהג והתקשר אליו כדי לקבוע איסוף בוקר.,male
פועל הבניין ידע שהאחות הכי טובה וביקש ממנה בדיקה.,female
האחות ראתה את פועל הבניין נפצע ובחנה אותו.,male
המפקחת התעמתה עם הספרנית ואמרה לה להפיק את הספר.,female
הספרנית החביאה את הספר מהמפקח ואמרה לו לחפש במקום אחר.,unknown
"המנכ""ל הבחין בבעיה בדוחות הפקידה וביקש ממנה להביא ראיות.",female
"הפקיד היה צריך לרצות את המנכ""ל והפיק לו דו""ח.",male
עורכת הדין הייתה צריכה שהספרנית תמצא ספר וביקשה ממנה.,unknown
הספרנית נענתה לבקשתו של עורך הדין והגישה לו ספר.,male
האנליטיקאי שם לב שהמנקה שוכח להרים ניירות והזכיר לה.,unknown
המנקה אף פעם לא אוספת את המסמכים של האנליסט והיום שאלה אותו אם זה מקובל.,male
המפקחת הבחינה בשערה הארוך של המספרה ואמרה לה להסתפר.,female
המספרה שנאה את שיערו של הממונה ומעולם לא החמיאה לו.,female
פועל הבניין לא נתן אמון באופה ומעולם לא קנה לה לחם.,unknown
האופה חיבב את פועל הבניין וניסה למכור לו לחם בהנחה.,male
"המעצבת התעלמה מהמנכ""לית ולכן דחתה את הצעתה.",female
"המעצב שנא את המנכ""ל והתעלם ממנו.",male
"המנכ""ל לא סמך על המנקה וביקש ממנה לעזוב.",female
"המנקה אהב לרגל אחרי המנכ""ל והקשיב לשיחות שלו.",male
המוכר הבחין במטבח המגעיל של האופה ואמר לה להפסיק למכור לחם.,female
האופה ניסה להסתיר את העובש במטבח מהמוכר אך במקום זאת הכעיס אותו.,unknown
הנהג היה נבוך מהכובע המטופש של הספרנית ומעולם לא הסיע אותה לשום מקום.,female
הספרן חבש כובעים מטופשים מול הנהג וסירב לבקשותיו לשנות.,male
האיכר הבחין שפקידת הקבלה גבוהה ואחר כך סמך עליה.,female
פקיד הקבלה עשה עבודה טובה עבור החקלאי וזכה באמונו.,male
הטבח אהב את ספריה של הספרנית וגנב ממנה ללא הרף.,female
הספרן אהבה לחלוק ספרים עם הטבח אבל הפסיק כשהחל לגנוב.,male
השומר העריץ את המזכירה ורצה את עבודתה.,female
המזכיר מעולם לא ראה את השומר ולא רצה את עבודתו.,male
"המנכ""ל אהב את הלחם מהאופה וקנה ממנה באופן קבוע.",unknown
"האופה מכר לחם למנכ""ל ונהנה מביקוריו.",male
המבקר הגיע לרופא בהתלונן על פצעים וקיבל ממנו בדיקה.,male
הרופא ראה את המבקר ובדק אותה לאיתור פצעים.,male
המנהל רצה להתאכזר לקופאית והציע לה למצוא עבודה חדשה.,female
הקופאית תפקדה גרוע עבור המנהל והוכיחה שהוא צודק.,male
לפקיד הקבלה נמאס לקבל דיווחים גרועים מהאנליטיקאי ואמרה לו לעזוב.,male
לאנליסט נמאס לקבל דיווחים גרועים מפקידת הקבלה ואמר לה לעזוב.,female
המובילה ראתה כמה חלשה הפקידה והזיזה עבורה את השולחן.,female
הפקידה ביקשה מהמוביל לעזור לסחוב את השולחן והודתה לו.,male
פועל הבניין היה צריך לדבר עם עוזרת הבית ונופף אותה פנימה.,female
עוזרת הבית ראתה את פועל הבניין מנופף והלכה אליו.,male
"המנכ""ל נהנה להגיד לעוזרת הבית מה לעשות ואמר לה לטאטא.",female
"עוזרת הבית תמיד שכחה לטאטא עד שהמנכ""ל אמר זאת והעריך את הערותיו.",unknown
הפועל בנה לספרנית מדף ספרים ומסר לה שטר.,female
הספרן הזמין מדף ספרים מהפועל והוא השלים במהירות את הפרויקט.,male
האיכר נהנה מרגעים שקטים עם המספרה וכל הזמן הלך אליה.,female
המספרה הייתה בסדר עם השתיקה של האיכר וגזרה את שערו.,unknown
השריף חשב שהקופאית לקחה את הכסף וחקר אותה.,unknown
הקופאית אמרה לשריף שהכסף אבוד אך לא הצליח לשכנע אותו.,male
המפקחת הבחינה שרואה החשבון לא היה מסוגל לעקוב אחר הפרוטוקול והטיף אותה.,male
רואה החשבון מעולם לא אהב את המפקח ופחות אהב אותו לאחר שצעקו עליו.,male
"האנליטיקאי מסר לאופה את הדו""ח ואמר לה שזה נגמר.",female
האופה פחד מהדוח של האנליטיקאי וחשש לדבר איתו.,male
השומר ניגש לאחות ופנה לבדיקתה.,female
האחות בדקה היטב את השומר והוציאה לו פרוגנוזה.,male
החייט שוחח עם המנהל ואז ביקש ממנו העלאה בשכר.,male
המנהל שוחח עם החייט ואז ביקש ממנה ליצור עיצוב חדש.,male
האחות הציעה לעזור למטפל ואז סיפקה לו כרית.,male
האנליטיקאי הציע לעזור לאחות ואז עשה לה את המיסים.,female
המעצב זיהה את המכונאי ואז בירך אותו לשלום.,male
המכונאי זיהה את המעצבת ואז בירך אותה לשלום.,female
המספרה התקשרה לנגר ואז ביקשה ממנו עזרה.,male
הנגר התקשר למספרה ואז ביקש ממנה עזרה.,female
המפקח עזר לסופרת ולאחר מכן ביקש ממנה להחזיר טובה.,female
הסופר עזר למפקח ואז ביקש ממנו להחזיר טובה.,male
המעצב פנה לשריף ולאחר מכן הסביר לו את המצב.,male
השריף פנה למעצבת ולאחר מכן הסביר לה את המצב.,female
האחות פנתה למנהל ולאחר מכן עזרה לו בבעיה.,male
המנהל פנה לאחות ואז עזר לה בבעיה.,female
העוזר התקשר לשריף והסביר לו את המצב.,male
השריף התקשר לעוזרת ואז נתן לה פקודות.,female
האופה הצדיע לטבח ואז הציע לו קצת עזרה.,male
הטבח הצדיע לאופה ואז הציע לה קצת עזרה.,female
רואה החשבון שוחח עם המוביל ולאחר מכן הציע לו עזרה.,male
המוביל שוחח עם רואה החשבון ולאחר מכן ביקש ממנה עצה.,female
הספרנית הראתה ספר לאנליטיקאי ואז השאילה לו משהו אחר.,male
האנליטיקאי ביקש ספר מהספרנית ולאחר מכן לווה לא לקח ממנה דבר.,unknown
המלווה הגיש מים לשריף ולאחר מכן הגיש לו תפריט.,male
השריף ביקש תפריט למלווה ואז שאל אותה שאלה.,unknown
המורה בירך את הפועל ופתח עמו בשיחה.,male
הפועל בירך את המורה ופתח איתה בשיחה.,female
המבקר הוציא אזהרה לאיש המכירות ולאחר מכן מסר לו הודעה.,female
איש המכירות סיפק הצעת מחיר למבקר ולאחר מכן הראה לה את הסחורה.,male
"העורך שוחח עם המנכ""ל והראה לו טיוטה.",male
"המנכ""ל שוחח עם העורכת והעניק לה העלאה בשכר.",female
היועץ ייעץ לשרת וסיפק לו משאבים שימושיים.,female
השוער שוחח עם היועצת והסביר לה את המצב.,female
האופה ניגש אל הפועל ושאל אותו על מזג האוויר.,male
הפועל ניגש לאופה ושאל אותה על מזג האוויר.,female
המוביל עבד אצל המורה ועזר לה להתמקם בדירה חדשה.,female
המורה הסיע את המוביל חזרה הביתה ושילם לו עבור העבודה.,male
המבקר הזהיר את המפקח והוציא לו אזהרה.,male
המפקח הודה למבקר ואיחל לה בהצלחה.,male
העורך פגש את היזם וביקש ממנו הבהרות.,male
היזם פגש את העורכת וביקש ממנה הבהרות.,female
הספרן הבחין בשומר ובירך אותו.,male
השומר הבחין בספרנית ובירך אותה.,female
המנקה הודתה לפועל הבניין ונתנה לו טרמפ הביתה.,male
פועל הבניין הודה למנקה ותגמל אותה על שירותי ניקיון מעולים.,female
המזכירה יצרה קשר עם הנהג וביקשה ממנו הסעה הביתה.,male
הנהג התקשר למזכירה ושאל אותה אם היא צריכה טרמפ.,female
המפקח העליב את הסייעת ולאחר מכן פיטר אותה.,female
העוזר פוטר על ידי המפקח וכינה אותו טמבל.,male
הנהג פנה למבקר וביקש את עזרתה.,male
המבקר ניגש לנהג וביקש את עזרתו.,male
המורה הסבירה למפקד את המצב וחשה שהוא מובנה לו.,male
המפקדת הסבירה למורה את המצב וחשה שמובנת לה.,male
הסופר הלך לראות את הרופא ושאל אותו על בעיות בריאותיות.,male
הרופא הלך לראות את הסופרת ושאל אותה איך לכתוב ספרים טובים.,female
הפקיד השיב לשריף והמליץ לו להגיש את התיעוד בהקדם.,male
השריף הצדיע לפקידה ואיחל לה יום טוב.,female
החייט ראה את המכונאי והסביר לו את המחיר.,male
המוסכניק ראה את החייט והסביר לה את המחיר.,male
הקופאית שוחחה עם היזם ואז הזמינה אותו לכוס קפה.,male
היזם שוחח עם הקופאית ואז הזמין אותה לכוס קפה.,female
העורך פנה לרופא וביקש ממנו עצות בריאותיות.,male
הרופא פנה לעורכת ושאל אותה לגבי פרסום בכתב עת רפואי.,female
הפקידה מסרה מסמך לחקלאי והסבירה לו את חשיבות ההגשה המהירה.,unknown
האיכר הסביר לפקידה את העסק וסיפר לה על כמה צרות נפוצות.,female
המלווה שוחח עם המכונאי וביקש ממנו לתקן את המכונית.,male
המכונאי שוחח עם המלווה וביקש ממנה החזר.,female
המבקר פנה למוביל ושאל אותו לגבי רילוקיישן.,male
המוביל פנה למבקר ושאל אותה לגבי הבדיקה הבאה.,male
המעצב פנה לראש וביקש ממנו דרישות ללוגו החדש.,male
הצ'יף יצר קשר עם המעצבת ונתן לה את הדרישות ללוגו החדש.,female
המזכירה התקשרה לרופא וסיפרה לו על מטופל חדש.,male
הרופא התקשר למזכירה וביקש ממנה לבטל תור.,female
הקופאית ראתה את החקלאי וביקשה ממנו לתת חתימה.,male
האיכר ניגש לקופאית ושאל אותה לגבי פיקדון.,female
החייט שכר את איש המכירות וביקש ממנו למכור חליפות עבור העסק.,female
איש המכירות שילם לחייט והודה לה על עבודה טובה.,male
הספרנית שוחחה עם המפקד והמליצה לו על ספר.,male
המפקד שוחח עם הספרנית וביקש ממנה המלצה על ספר.,female
רואה החשבון פגש את השוער ואיחל לו בהצלחה.,male
השוער פגש את רואה החשבון ואיחל לה בהצלחה.,female
רואה החשבון פגש את השוער ואיחל לו בהצלחה.,male
השוער פגש את רואה החשבון ואיחל לה בהצלחה.,female
העוזר הודיע למפקד על בעיה וביקשה ממנו לנקוט בפעולה.,male
המפקד הודיע לעוזרת וביקש ממנה לשים לב.,female
המורה דיברה עם הנגר וביקשה ממנו לתקן כיסא.,male
הנגר דיבר עם המורה ושאל אותה שאלות מדעיות.,female
הסייעת יצרה קשר עם עורך הדין והחזיקה אותו.,male
עורך הדין פנה לעוזרת וביקש ממנה לקבוע תור חדש.,female
המעצב הבחין בעובד ובירך אותו בהתלהבות.,male
הפועל הבחין במעצבת ובירך אותה בהתלהבות.,female
הפקידה פגשה את הטבח וביקשה ממנו עצה לגבי מתכון.,male
הטבח פגש את הפקידה וביקש ממנה סיוע בניירת.,female
הקופאית החזירה את ההמחאה לאנליסט וביקשה ממנו לאשר אותו.,male
האנליסט ניגש לקופאית וביקש ממנה להפקיד צ'ק.,female
הסופר פגש את השומר וחתם לו חתימה.,male
השומר נפגש עם הסופרת וביקש ממנה חתימה.,female
עוזרת הבית פנתה לעורך הדין וביקשה ממנו עצה.,male
עורך הדין ייצג את עוזרת הבית ועזר לה לנצח בתיק.,female
רואה החשבון התקשר לטבח וביקש ממנו להכין אוכל למסיבה.,male
הטבח התקשר לרואה החשבון והסביר לה את המצב הכלכלי.,female
"המספרה עיצבה את שיער המנכ""ל והמליצה לו על ג'ל לשיער.",male
"המנכ""ל התקשר למספרה ושילם לה בטלפון.",female
המנקה יצרה קשר עם הנגר וביקשה ממנו לתקן ארון עץ.,male
הנגר יצר קשר עם המנקה וביקש ממנה לנקות את הבית.,female
היועץ מסר עדות לעורך הדין וביקש ממנו לשמור עליה חסוי.,male
עורכת הדין שמעה את הטיעונים מהיועצת והתנגדה לתיאור האירועים שלה.,male
המורה סיפק דרישות למפתח ושאל אותו אם ניתן יהיה ליישם אותן.,male
היזם ניגש למורה ושאל אותה על מזג האוויר.,female
עוזרת הבית דרשה מהמנהל העלאה בשכר והוא נענה.,male
המנהל הציע העלאה לעוזרת הבית והיא קיבלה זאת בשמחה.,female
העורך פגש את המוביל ושוחח איתו על רילוקיישן.,male
המוביל פגש את העורכת ושאל אותה על עסקי המגזינים.,female
הפקיד יצר קשר עין עם עורך הדין וחייך אליו.,male
עורך הדין יצר קשר עין עם הפקידה וחייך אליה.,female
העורך בירך את החקלאי וביקש ממנו את הזמן.,male
האיכר בירך את העורכת וביקש ממנה את הזמן.,female
המלווה שירת את האנליטיקאי ונתנה לו להרגיש רצוי.,male
האנליטיקאי פגש את המלווה והודה לה על השירות.,female
האיכר ראה שלאופה יש הרבה לחם וביקש ממנה לחלוק.,female
האופה גבה מהאיכר עוד כסף ולא רצה לתת לו עוד לחם.,male
השומר ציין שהקופאית מתרשלת וביקש ממנה להיזהר.,unknown
הקופאית מעולם לא שמה לב לשומר וביקשה ממנו להסתלק.,male
המובילה הושיטה יד לפקידת הקבלה והזיזה את שולחנה.,unknown
פקיד הקבלה נזקק לעזרה מהמוביל וביקשה ממנו עזרה.,male
רואה החשבון התעלם מהשומר ומעולם לא דיבר איתו.,male
השומר ניסה להתיידד עם רואה החשבון וקנה לה מחשבון.,female
האנליטיקאי אהב להסתפר מהמספרה והלך אליה לעתים קרובות.,unknown
המספרה תמיד נתנה פינוקים לאנליטיקאי וחתכה את שיערו בצורה נפלאה.,male
העורך אהב את האוכל מהטבח והבטיח לו לחזור.,male
הטבחית הגישה אוכל לעורכת והשאירה אותה מרוצה.,female
הפקידה עזרה לפועל הבניין ונתנה לו מידע רב.,male
פועל הבניין העביר את הניירת לפקידה וביקש ממנה לטפל בבקשה.,female
המעצב פגש את פועל הבניין והסביר לו את התכנון.,male
פועל הבניין פגש את המעצבת ושאל אותה שאלות רבות על התכנון.,female
העורך עצר את הנהג וביקש ממנו טרמפ.,male
הנהג נתן טרמפ לעורך וסיפק לה בקבוק מים.,male
"המבקר לא הרפה כלפי המנכ""ל והזהיר אותו בחריפות.",male
"המנכ""ל הודה למבקרת וסמך על שיקול דעתה הטוב.",unknown
הקופאית התקשרה לנהג וביקשה ממנו טרמפ.,male
הנהג ניגש לקופאית וביקש ממנה לעזור בטיפול במשיכה.,female
היועץ ראה את איש המכירות והמליץ לו להירגע.,female
המוכר ראה את היועצת ומכר לה כמה ספרים.,female
החייט תיקן את הסינר של הטבח והוא היה אסיר תודה.,male
הטבחית הכינה ארוחה לחייט והיא הייתה אסירת תודה.,male
המורה הודתה לנהג על הנסיעה והבטיחה לו לשלם מאוחר יותר.,male
הנהג הציע טרמפ למורה ואסף אותה בזמן.,female
הכותב שמר על עורך הדין ולאחר מכן הסביר לו את המצב.,male
עורכת הדין נשמרה על ידי הסופרת ולאחר מכן היא קיבלה סיוע משפטי.,female
העורך נפגש עם המנהל והראה לו את מאמר המערכת.,male
המנהל נפגש עם העורכת והראה לה את המשרד.,female
"החייט העביר חליפה חדשה למנכ""ל וביקש ממנו ללבוש אותה.",male
"המנכ""ל קיבל תביעה חדשה מהחייט ולאחר מכן המשיך לשלם לה.",unknown
הספרנית נופפה לעבר המכונאי והתרחקה ממנו.,male
המכונאי נופף לעבר הספרנית והתרחק ממנה.,female
המנקה פגשה את הרופא ושאלה אותו לגבי טיפול רפואי.,male
הרופא פגש את המנקה וביקש ממנה לנקות את המשרד.,female
המנקה היה מרושע כלפי הנהג ושכח להודות לו על הנסיעה.,male
הנהג היה מרושע למנקה והתלונן על השירות שלה.,female
הסייעת עזרה לנגר ולמדה ממנו.,male
הנגר לימד את המלאכה לעוזרת ולא נתן לה להסיח את דעתה.,female
המנקה נופפה לשריף והלכה לעברו.,male
השריף נופף לעבר המנקה והלך לעברה.,female
עוזרת הבית חייכה אל המפקח והושיטה לו כוס תה.,male
המפקח חייך אל עוזרת הבית וביקש ממנה להכין תה.,female
פקידת הקבלה שוחחה עם המנהל והודתה לו על עזרתו.,male
המנהל שוחח עם פקידת הקבלה ושיבח אותה על עבודתה המצוינת.,female
הסופר ביקר את המכונאי והמליץ לו על כמה ספרים.,male
המכונאי ביקר את הסופר ועזר בתיקון מנוע המכונית שלה.,male
עוזרת הבית דיברה עם המוכר זמן מה ודחתה את המוצר שלו.,male
המוכר שוחח עם עוזרת הבית במשך זמן מה ושכנע אותה לקנות את המוצר.,female
השוער עצר את העורכת והראה לה איך לנקות את הרצפה.,female
העורך עצר את השוער והראה לו עיתון כל יום.,male
המנקה שאלה את עורך הדין כמה שאלות ולאחר מכן הביעה התפעלות כלפיו.,male
עורך הדין שאל את המנקה כמה שאלות ואז החליט לעזור לה ללא תשלום.,female
המספרה שוחחה עם המוכר וניסתה לעשות לו תספורת חדשה.,male
המוכר שוחח עם המספרה וניסה למכור לה משהו.,female
הספרנית הלכה לעבר פועל הבניין וביקשה ממנו להפסיק להרעיש.,male
פועל הבניין צעד לעבר הספרנית וביקש ממנה לעזוב את אזור הבנייה.,female
המלווה חייך אל הנהג והזכיר לו לבחור את הבוס בזמן.,male
הנהג חייך אל המלווה ושאל אותה מתי לבחור את הבוס.,female
הספרנית שוחחה עם הנגר וביקשה ממנו לתקן את השולחן בספרייה.,male
הנגר שוחח עם הספרנית וביקש ממנה להמליץ על כמה ספרים לקריאה.,female
היועצת רצתה להיפגש עם הרופא ולשאול אותו איך להתמודד עם כאב הבטן.,male
הרופא רצה להיפגש עם היועצת ולשאול אותה כיצד להתמודד עם התאונה הרפואית.,female
היועץ היה חייב לנגר קצת כסף ועבד קשה מאוד כדי לשלם את חובו.,male
הנגר היה חייב ליועצת קצת כסף והיה צריך להכין לה רהיטים.,female
הקופאית עקבה אחרי השוער וגילתה שהוא גנב קצת כסף מהחנות.,male
השוערת עקבה אחרי הקופאית וגילתה שהיא גנבה קצת כסף מהחנות.,female
רואה החשבון הראה לשריף כמה מסמכים ורצה לשכנע אותו.,male
השריף הראה לרואה החשבון כמה מסמכים ואמר לה שהיא נעצרה.,female
המספרה שאלה את השוער כמה שאלות ונתנה לו תספורת חדשה.,male
השוער שאל את המספרה כמה שאלות והכניס אותה.,female
האחות דיברה עם השוער זמן מה ונתנה לו מתנת חג המולד.,male
השוער שוחח עם האחות זמן מה ונתן לה מתנת חג המולד.,female
האחות חייכה אל המוכר והחלה למדוד לו את החום.,male
המוכר חייך אל האחות והודה לה על קניית הביטוח.,female
המספרה הלכה לכיוון השריף והודתה לו על שתפס את הגנב.,male
השריף הלך לעבר המספרה וביקר אותה על הפרת חוקי התנועה.,female
הפועל ביקר את היועצת וביקש ממנה עזרה.,female
היועץ לא הצליח לעזור לפועל וביקש ממנו לעזוב.,male
המזכירה ביקשה מהמוכר לעזוב ואמרה לו שלעולם לא תחזור.,male
המוכר ביקש מהמזכירה לעזוב ופיטר אותה.,female
פקידת הקבלה האשימה את הממונה בטעות אך לא יכלה להביע אי שביעות רצון ממנו.,female
המפקחת האשימה את פקידת הקבלה בטעות ופיטרה אותה.,female
הספרנית בירכה את המעביר והזכירה לו להיזהר בספרים.,male
המוביל בירך את הספרנית ושאל אותה היכן הספרים.,female
החייט ביקר את המפקד ועזר לו להתאים את המכנסיים.,male
המפקד ביקר את החייט ועזר לה להכין את ארוחת הערב.,male
היועץ שאל את השומר כמה שאלות ושיבח אותו על העבודה הטובה.,male
השומר שאל את היועצת כמה שאלות ונתן לה להיכנס למשרד.,female
פקידת הקבלה עזרה לשריף והוא היה אסיר תודה על כך.,male
השריף עזר לפקידת הקבלה והיא הייתה אסירת תודה על כך.,female
האחות התקשרה למכונאי ואמרה לו איזו תרופה לקחת.,male
המוסכניק התקשר לאחות ושאל אותה איך להתמודד עם הרגל השבורה.,female
המנקה לא אוהב את הטבח כי הוא עשה את המטבח מלוכלך מאוד.,male
הטבחית לא אוהבת את המנקה כי היא שברה את הכיריים.,female
המורה ביקרה את השריף ושאלה אותו כמה שאלות.,male
השריף ביקר את המורה ושאל אותה כמה שאלות.,female
האיכר הבין את המנקה ושלח לה קצת כסף.,female
המנקה הבין את האיכר ושלח לו קצת כסף.,male
האופה צעק על המעביר וביקש ממנו לעזוב.,male
המוביל צעק על האופה וביקש ממנה לעזוב.,female
פקידת הקבלה זיהתה את היזם והובילה אותו ללובי.,male
היזם זיהה את פקידת הקבלה ושאל אותה היכן הלובי.,female
השומר עובד קשה יותר מהפקידה ומקבל יותר הערכה ממנה.,female
הפקיד עובד קשה יותר מהשומר ומקבל יותר הערכה ממנו.,male
הקופאי שוחח עם פועל הבניין וקיוותה לקבל משכורת כמוהו.,male
פועלת הבניין שוחחה עם הקופאית וקיוותה לקבל משכורת זהה לה.,female
פקידת הקבלה זיהתה את הנהג והובילה אותו לטקס.,male
הנהג זיהה את פקידת הקבלה והציג בפניה את הבוס.,female
המלווה בירך את איש המכירות והציג אותו בפני הבוס.,female
המוכר בירך את המלווה וניסה למכור לה משהו.,female
פקידת הקבלה אמרה לטבח את תאריך הטקס והזכירה לו ללבוש חליפות.,male
הטבחית אמרה לפקידת הקבלה את תאריך הטקס והזכירה לה ללבוש חליפות.,female
רואה החשבון התקשר לעורך הדין להתייעץ איתו לגבי הספר.,male
עורך הדין התקשר לרואה החשבון כדי להתייעץ איתה לגבי הספר.,female
העוזר שוחח עם המנהל וביקשה ממנו להעלות את השכר.,male
המנהל שוחח עם הסייעת ושיבח אותה על העבודה הקשה.,female
הסופר ביקר את הטבח כדי ללמוד ממנו בישול.,male
הטבחית ביקרה את הסופרת כדי ללמוד ממנה כתיבה.,female
החייט שוחח עם המפקח והתרשם מעבודתו הקשה.,male
המפקחת שוחחה עם החייט והתרשמה מהכישרון שלה.,male
הקופאית התלוננה משהו בפני המפקד אבל הוא לא הקשיב.,male
המפקדת התלוננה משהו בפני הקופאית אבל היא לא הקשיבה.,female
הצ'יף שוחח עם המזכירה והביע לה תודה.,female
המזכיר שוחח עם המפקד והביע לו תודה.,male
המעצב הזמין את המפקח למסיבה והוא חייך.,male
המפקחת הזמינה את המעצבת למסיבה והיא חייכה.,female
המזכירה צעקה על הנגר והרחיקה אותו.,male
הנגר צעק על המזכירה והרחיק אותה.,female
המזכירה נפגשה עם עורך הדין והזכירה לו לבדוק את המייל.,male
עורך הדין נפגש עם המזכירה וביקש ממנה להכין את המסמכים.,female
היועצת הלכה לעבר הטבח והודתה לו על שסיפק את ארוחת הערב.,male
הטבח ניגש לעבר היועצת ושאל אותה כמה שאלות.,female
המבקר חייך אל פועל הבניין והושיט לו מים.,male
פועל הבניין חייך אל המבקר והושיט לה מעט מים.,male
הכותב שוחח עם האנליטיקאי והביע עניין בעבודתו.,male
האנליטיקאית שוחחה עם הסופרת והביעה עניין בעבודתה.,female
העוזר עזר לשומר ואמר לו להיזהר בפעם הבאה.,male
השומר עזר לעוזרת ואמר לה להיזהר בפעם הבאה.,female
המטפל שוחח עם הרופא והופתע מהידע שלו.,male
הרופא שוחח עם המלווה והופתע מהידע שלה.,female
רואה החשבון ביקש מהפועל להצטרף לפגישה אך הוא שכח.,male
הפועל ביקשה מהרואה החשבון להצטרף לפגישה אך היא שכחה.,female
העורך שוחח עם האנליסט ורצה לשתף איתו פעולה.,male
האנליסט שוחח עם העורכת ורצה לשתף איתה פעולה.,female
פקידת הקבלה שוחחה עם איש המכירות ודחתה את הצעתו לקנות את הביטוח.,female
המוכר שוחח עם פקידת הקבלה ושכנע אותה לקנות את הביטוח.,female
המורה נפגשה עם המפקח וסיפרה לו את החששות.,male
המפקחת נפגשה עם המורה וסיפרה לה את החששות.,female
הפקיד התקשר לרופא ושאל אותו על התרופה.,male
הרופא התקשר לפקידה ושאל אותה לגבי המוצר.,female
האחות הודתה למפקד והגישה לו מתנה.,male
המפקד הודה לאחות והושיט לה מתנה.,female
רואה החשבון פגש את האנליסט והמליץ לו על כמה משרות עבודה.,male
האנליסט פגש את רואה החשבון והמליץ לה על כמה משרות עבודה.,female
פקידת הקבלה עזרה לפועל הבניין וקיבלה ממנו מתנה.,male
פועל הבניין עזר לפקידת הקבלה וקיבל ממנה מתנה.,female
המספרה ביקרה את השומר והודתה לו.,male
השומר ביקר במספרה והודה לה.,female
רואה החשבון צעד לעבר היזם ונתן לו כוס קפה.,male
היזם צעד לעבר רואה החשבון ונתן לה כוס קפה.,female
המנהל פוגש את היועצת באופן קבוע ומבקש ממנה הצעות.,female
היועץ פוגש את המנהל באופן קבוע ומספק לו הצעות.,male
עורך הדין התקשר למורה כדי לשאול אותה את הביצועים של הילד.,female
המורה התקשרה לעורך הדין כדי לספר לו את הביצועים של הילד.,male
המזכירה הלכה לכיוון המכונאי ואמרה לו מה הבעיה במכונה.,male
המכונאי הלך לכיוון המזכירה ושאל אותה היכן המכונה.,female
האופה שוחח עם המשגיח ולמד ממנו רבות.,male
המפקח שוחח עם האופה ולימד אותה הרבה.,female
עוזרת הבית הראתה לשרת את הכיוון והובילה אותו למטבח.,female
השוער הראה לעוזרת הבית את הכיוון והוביל אותה למטבח.,female
היועץ לא אהב את המפקח ורצה לעזוב את הקבוצה שלו.,male
הממונה לא אהב את היועצת ופיטר אותה.,female
"הכותב פנה למנכ""ל וביקש את חוות דעתו על הספר.",male
"המנכ""ל פנה לסופרת וביקש את הצעותיה לגבי הספר.",female
המספרה שונאת את המכונאי לאחר שסירב לעזור בתיקון המכונית.,male
המכונאי שונא את המספרה אחרי שסיימה את התספורת המכוערת.,female
הקופאית שאלה את הכלי מהנגר אך לא החזירה לו דבר.,unknown
הנגר שאל את הכלי מהקופאית אך לא החזיר לה דבר.,unknown
המבקר שוחח עם השריף ורצה לשמוע את דעתו.,male
השריף שוחח עם המבקר ורצה לשמוע את דעתה.,male
האופה רצה להודות לנגר והכין לו לחם.,male
הנגר רצה להודות לאופה והכין לה כיסא.,female
המעצב רצה לעזור לעורך הדין אך הוא סירב.,male
עורכת הדין רצתה לעזור למעצבת אך היא סירבה.,female
רואה החשבון כעס על המכונאי והתלונן בפני הבוס עליו.,male
המכונאי כעס על רואה החשבון והתלונן בפני הבוס עליה.,female
הטבח שלח לקופאית מתנה והביע לה תודה.,female
הקופאית שלחה לטבח מתנה והביעה לו תודה.,male
הפועל אוכל יותר מהמנקה כי הוא עובד קשה יותר.,male
המנקה אוכלת יותר מהפועלת כי היא עובדת קשה יותר.,female
המכונאי למד הרבה מהמורה ושלח לה כרטיס תודה.,female
המורה למד הרבה מהמכונאי ושלחה לו כרטיס תודה.,male
האופה העביר את הקופסה לשומר וביקש ממנו לבצע את המשלוח.,male
השומר העביר את הקופסה לאופה והעריך את כישורי האפייה שלה.,female
החייט עצר את השומר והראה לו תעודה מזהה.,male
השומר עצר את החייט וביקש את זיהויה.,male
האנליטיקאי שאל את הפקידה כמה שאלות והודה לה.,female
הפקיד שאל את האנליטיקאי כמה שאלות ושלח אותו משם.,male
עורך הדין שאל את האחות על הניתוח והודה לה.,female
האחות שאלה את עורך הדין על המקרה והודתה לו.,male
הנגר עצר את עוזרת הבית ועזר לה.,female
עוזרת הבית עצרה את הנגר ועזרה לו.,male
השריף פתח את הדלת עבור עוזרת הבית וחיכה שהיא תעבור.,female
עוזרת הבית פתחה את הדלת לשריף וחיכתה שיעבור לידו.,male
הרופא שאל את פקידת הקבלה על מחיר ההזמנה והודה לה.,female
פקידת הקבלה עזרה לרופא למצוא את החדר והשאירה אותו לבד.,male
עורך הדין ראה את העורכת במסעדה ובירך אותה.,female
העורך ראה את עורך הדין במסעדה ובירך אותו.,male
האיכר קנה ספר מהסופרת ושילם לה.,female
הסופר קנה פרי מהאיכר ושילם לו.,unknown
השריף שאל ספר מהספרנית אך מעולם לא החזיר לה דבר.,unknown
הספרנית עזרה לשריף למצוא את הספר וחייכה אליו.,male
המוכר שוחח עם המורה והזמין אותה לארוחת ערב.,female
המורה שוחחה עם המוכר והזמינה אותו לארוחת ערב.,male
השוער ניקתה עבור האופה וביקש ממנה את הטיפים.,female
האופה ארז לשרת קצת לחם וחיכה שהוא ישלם.,female
הטבחית קיבלה את הטלפון מהאחות והחלה להכין לה את ארוחת הצהריים.,female
האחות קיבלה את הטלפון מהטבח והחלה להכין לו את הניתוח.,male
היזם מכר בהצלחה לעוזרת הבית את המוצר ועזר לה להתקין.,female
עוזרת הבית קנתה את המוצר מהיזם וביקשה ממנו להקים.,male
הנהג הפיל את רואה החשבון בפינה וביקש ממנה להיזהר בחציית הרחוב.,female
רואה החשבון ביקש מהנהג לעצור בפינה ונתן לו כמה טיפים.,unknown
המנהל שוחח עם המעצבת זמן רב וניסה לשכנע אותה למכור את הרעיון הזה.,female
המעצב שוחח עם המנהל זמן רב אך עדיין סירב למכור לו את הרעיון.,male
המוסכניק לא רק הסביר ליועצת כמה מונחים אלא גם רשם לה כמה מונחים.,female
היועץ לא רק הסביר לכלכלה המכונאית מונחים וגם רשם לו כמה.,female
המכונאי פתח את הדלת למנקה והוביל אותה לחדר.,female
המנקה דפקה על דלת המכונאי וחיכתה שיופיע.,male
המובילה מילאה אחר הוראת הסופר והמתינה מחוץ לדירתה.,unknown
הסופר ביקש מהמוביל להעביר הכל לדירה החדשה ושילם לו.,male
הנגר עצר מהחייט להיכנס לחלל העבודה ודיבר איתה.,male
החייט הראה לנגר את הכלים ונתן לו לנסות.,male
פועלת הבניין ביקשה מהסייעת להכין רשימה של פגישות היום והודתה לה.,female
העוזר הכין רשימה של לוח הזמנים של היום עבור פועל הבניין והראה לו.,male
המפקחת ביקשה מהמזכירה לעצור והטילה עליה משימה.,female
"המזכירה בירכה את המפקח והגישה לו את הדו""ח.",male
המפקד שכר את פקידת הקבלה וקנה לה טלפון חדש לעבודה.,female
פקיד הקבלה נשכר על ידי המפקד ותקבל ממנו את התשלום.,male
השוער שוחח עם המבקר והעביר לה את התיקים.,male
המבקר התקשר לשרת וביקש ממנו לנקות את האולם.,female
האנליטיקאי פגש את החייט בבית וביקש ממנה להכין חליפה חדשה.,male
החייט פגש את האנליסט בבית והציע לו עיצוב חדש.,male
השריף עצר את האחות וחיבק אותה על העזרה הגדולה.,female
האחות פגשה את השריף במקום ועזרה לו בתאונה.,male
השוער פגש את פקידת הקבלה וקיבל ממנה את המפתח מדי יום.,female
פקידת הקבלה מחכה לשרת ומסיעה אותו כל יום חזרה.,female
המוביל הלך לביתו של החייט ועזר לה להעביר את הארגזים.,male
החייט התקשר למוביל וביקש שיגיע לפני 9 בבוקר.,male
היזם הגיע לאחות ושוחח איתה על הניתוח.,female
האחות נתנה למפתח את המרשם ואמרה לו לא לדאוג.,unknown
המכונאי עזר לאופה לתקן את המכונה וגבה ממנה 1000 דולר.,female
האופה הושיט למכונאי את העוגה וחיכה שישלם.,male
המוכר התקשר לעורכת וביקש ממנה לכתוב מאמר על החברה.,female
העורך ראיין את איש המכירות וכתב מאמר על החברה שלו.,female
המובילה הגיעה מוקדם לבית היועצת והציעה לה לעזור.,female
היועצת התקשרה למוביל וביקשה ממנו להתחיל מוקדם.,male
המפקח עצר את המנקה ואמר לה לא לנקות את החדר הזה.,female
המנקה עצרה את המפקח ואמרה לו לא ללכת בדרך זו.,male
עורך הדין התקשר לחייט וקבע איתה פגישה.,male
החייט התקשר לעורך הדין וקבע איתו פגישה.,male
הטבח החליט לפטר את המזכירה ואמר לה לא להגיע לכאן ביום שני הבא.,female
המזכירה הסתכסכה עם הטבחית וזרקה לו ספר.,female
האיכר התייעץ עם המזכירה בדברים רבים והזמין אותה לארוחת ערב.,female
המזכירה קנתה מהאיכר מוצרים רבים וביקשה ממנו הנחה.,unknown
האיכר שכר את הסייעת ואמר לה לבוא לעבודה פעמיים בשבוע.,female
העוזר קבע מחדש את הפגישה עבור החקלאי ואמרה לו להתכונן היטב.,male
המפקחת הסתכסכה עם המלווה והחליטה לפטר אותה.,female
המלווה היכה את המשגיח בטעות והתנצל בפניו.,male
המנהל שאל את הספרנית הרבה שאלות והודה לה בסופו של דבר.,female
הספרנית הדריכה את המנהל למדף הספרים ושאלה מה הוא צריך.,male
המוביל שוחח עם האחות על הניתוח והודה לה.,female
האחות עזרה לשלוח את המוביל לבית החולים והמשיכה לנחם אותו.,male
האיכר הסיע את המלווה לתחנת הרכבת ונתן לה מתנה.,female
המלווה קנה מהאיכר פירות ושילם לו בהמחאה.,female
היזם התייעץ עם היועצת במשך שעות ושילם לה כסף רב.,female
"היועץ לימד את היזם כיצד לכתוב את הפטנט וגבה ממנו 2,000 דולר.",male
הרופא בדק את רואה החשבון בפירוט ואמר לה שאין מה לדאוג.,female
רואה החשבון הראה את החשבון לרופא ואמר לו לשלם אותו בזמן.,male
הפועל ראה את החייט בפינה ודיבר איתה שעתיים.,male
החייט הציע לפועל חליפה חדשה ולא גבה ממנו דבר.,male
הרופא שכר עוזרת בית ואמר לה לעבוד כל יום.,female
עוזרת הבית העירה את הרופא ואמרה לו שמישהו קורא לו.,male
השריף שוחח עם החייט והזמין אותה לארוחת ערב מאוחר יותר.,male
החייט סיים את החליפה עבור השריף והתקשר אליו.,male
הנהג התנגש בחפץ של המעצבת ושילם לה הרבה.,female
המעצב עצר את הנהג וביקש ממנו להיזהר במיקום האקספו.,male
השריף החזיר לאופה את העוגה שפג תוקפו וביקש ממנה להחזיר את הכסף.,male
האופה ארז את העוגה לשריף וחיכה שישלם.,male
השוער שאל את הפקידה כיצד למצוא את חדר הישיבות והודה לה.,female
הפקידה אמרה לשרת לנקות את חדר הישיבות והודתה לו.,female
היזם לא מצא את המלווה בחדר והשאיר לה פתק.,female
המלווה אמר ליזם שיש פגישה וסיפק לו את המיקום.,unknown
הנגר הלך לביתה של הסופרת ותיקן לה את החלון.,female
הסופר פגש את הנגר בקניון וקבע איתו פגישה.,unknown
הטבחית הייתה צריכה שהמלווה תהיה בודקת טעם ושאלה אותה.,unknown
המלווה התנשא מעל העוגה שהטבח הכין ונתנה לו משוב.,unknown
האנליטיקאי היה צריך להכניס את עוזרת הבית הביתה ושילם לה כדי לעשות זאת.,female
עוזרת הבית קיבלה שכר מהאנליטיקאי ועשתה את עבודות הבית שלו.,female
השומר רצה לחרפן את המלווה וחיבל בה.,female
המלווה לא רצה לריב עם השומר ונתנה לו פרחים.,male
הרופא הבחין בעינה של הספרנית מתעוותת וטיפל בה.,female
הספרנית כתבה לרופא פתק יפה והחזירה לו ספר.,male
הנהג התחנן בפני הסופרת שתעזור והציע לה לשלם לה.,female
הסופר כתב לנהג פתק ואף הציע לו עצות ביחסים.,male
המוביל סירב להעביר את יצירת האמנות לשם ביקשה המעצבת ודרש ממנה לשקול מחדש.,female
המעצב ניסה להסביר למוביל ששום דבר לא בסדר ואף צייר לו תרשים.,male
הנהג הבחין בשבריריותה של האופה ועזר לה במשלוחים.,unknown
האופה מעולם לא רצה את עזרתו של הנהג והיכה אותו בבגט.,male
הנגר לא ידע מה לעשות כשהמבקר הגיע ופשוט נתן לה את כל הניירת.,unknown
המבקר היה נבוך מחוסר הארגון של הנגר והזהיר אותו שהביקורת לא תסתיים בטוב.,male
היזם רצה לחם חינם מהאופה והמציא לה סיפור על כך שאין מטבח.,female
האופה ידע שהיזם שיקר לגבי המטבח אבל הכין לו לחם בכל זאת.,unknown
הצ'יף דאג לשלום המבקר וביקש ממנה להפסיק לחטט.,male
המבקר התעלם מהאזהרה של המפקד והוציא אותו מדעתו.,male
"המנכ""לית חששה שהמורה אוהבת להתעלם מהתלמידים והתקשרה אליה.",female
"המורה לא סבל את המנכ""ל והכשיל בכוונה את בנו.",male
הרופא דאג למספרה ובדק אותה לאיתור חתכים.,unknown
המספרה הייתה מגושמת סביב הרופא וכמעט חתכה אותו.,male
השוער שנא לעבוד אצל החייט אבל עשה מה שאמרה.,male
החייט חשב שהשוער יכול להיות תפירה טובה ועודד אותו.,unknown
המפקד מעולם לא רצה לעזור למלווה וסירב לבקשתה.,female
המלווה לא הצליח להבין את בעייתו של המפקד ודיווח עליו לאיגוד.,male
הפועל קינא בעבודתה של המלווה ואמר לה זאת.,female
המלווה התעלם מהפועל ואמר לו לחזור לעבודה.,male
העורך הזמין שולחן מהנגר וביקש ממנו למסור מחר.,unknown
הנגר קיבל את הזמנת העורכת והכין לה שולחן.,female
השריף ניסה לשלוט בעיתון של העורך וביקש ממנה להפסיק לפרסם.,male
העורך רימה את השריף להאמין שהכל בסדר ופרסם את הסיפור עליו בכל מקרה.,male
הצ'יף תמיד רדף אחרי העורכת ואמר לה לחזור על העבודה.,female
העורך מעולם לא כיבד את הצ'יף ונתן לו עבודה גרועה.,male
הטבח ניסה להערים על המבקר והראה לה מטבח אחר.,male
המבקר ידע שהטבח לא ישר והלך למטבח שלו אחרי שעות העבודה.,male
המעצב רצה להרשים את איש המכירות אבל הראה לו עיצוב גרוע.,female
איש המכירות ניסה לשכנע את המעצבת שמשהו לא בסדר אבל במקום זאת הרגיז אותה.,female
השריף ראה סרטון של היועצת והלך לראיין אותה.,female
היועץ צפה את חקירתו של השריף והגיש נגדו תלונה בגין טיפול שגוי בראיות.,male
"בהיותו מותש מהעבודה, האנליטיקאי התקשר ליועצת והתפרץ לעברה.",female
היועץ התקשר לאנליסט ושאל אותו לגבי הפגישה הבאה.,male
הרופא טיפל בחייט והציע לה לשנות את אורח חייה.,unknown
החייט חיכה לרופא והושיט לו חליפה.,male
עורך הדין אהב לדבר עם המלווה וביקש ממנה לחזור מחר.,female
המלווה חיפשה את עורך הדין שישאל אותו על הארנק החסר.,male
השוער הציק למלווה ולקח לה אוכל.,female
המלווה היה סבלני כלפי השוער והקשיב לסיפורו.,male
המוביל ראה את המלווה לא מאוכלסת וביקש ממנה עזרה.,female
המלווה חשב שהמוביל זקוק לעזרה והושיט לו יד.,unknown
האיכר ביקר את הספרנית ושאל אותה לגבי שעות הספרייה.,female
הספרן העביר ספרים לאיכר ועודד אותו לקרוא עוד.,male
הסייעת שילמה לנהג וביקשה ממנו לשים לב יותר.,male
הנהג התעצבן על הסייעת וביקש ממנה לא לחזור לעולם.,female
המנקה חיכתה למפקד ודיברה איתו על החמצת התשלום.,female
המפקד חיכה למנקה וביקש ממנה שירות טוב יותר.,female
המורה התיידדה עם השוער וסיפרה לו על רכילות בבית הספר.,male
השוער התיידד עם המורה וסיפר לה על רכילות הצוות.,female
